#
# TABLE STRUCTURE FOR: client
#

DROP TABLE IF EXISTS `client`;

CREATE TABLE `client` (
  `id` int(11) NOT NULL AUTO_INCREMENT,
  `first_name` varchar(255) COLLATE utf8_unicode_ci DEFAULT NULL,
  `surname` varchar(255) COLLATE utf8_unicode_ci DEFAULT NULL,
  `birthdate` date DEFAULT NULL,
  PRIMARY KEY (`id`)
) ENGINE=InnoDB AUTO_INCREMENT=79 DEFAULT CHARSET=utf8 COLLATE=utf8_unicode_ci;

INSERT INTO `client` (`id`, `first_name`, `surname`, `birthdate`) VALUES (1, 'Cordia', 'Hagenes', '2004-11-12');
INSERT INTO `client` (`id`, `first_name`, `surname`, `birthdate`) VALUES (2, 'Jazmyn', 'Lakin', '2004-04-16');
INSERT INTO `client` (`id`, `first_name`, `surname`, `birthdate`) VALUES (3, 'Audreanne', 'Ritchie', '1972-12-10');
INSERT INTO `client` (`id`, `first_name`, `surname`, `birthdate`) VALUES (4, 'Destany', 'Schmidt', '2004-12-26');
INSERT INTO `client` (`id`, `first_name`, `surname`, `birthdate`) VALUES (5, 'Rickie', 'Brakus', '1980-05-30');
INSERT INTO `client` (`id`, `first_name`, `surname`, `birthdate`) VALUES (6, 'Barton', 'Champlin', '1991-05-04');
INSERT INTO `client` (`id`, `first_name`, `surname`, `birthdate`) VALUES (7, 'Greta', 'Parisian', '2003-08-24');
INSERT INTO `client` (`id`, `first_name`, `surname`, `birthdate`) VALUES (8, 'Oswald', 'Hodkiewicz', '1997-07-31');
INSERT INTO `client` (`id`, `first_name`, `surname`, `birthdate`) VALUES (9, 'Ebba', 'Abernathy', '1988-06-17');
INSERT INTO `client` (`id`, `first_name`, `surname`, `birthdate`) VALUES (10, 'Amari', 'Dooley', '1973-01-20');
INSERT INTO `client` (`id`, `first_name`, `surname`, `birthdate`) VALUES (11, 'Eleazar', 'Hudson', '1977-08-25');
INSERT INTO `client` (`id`, `first_name`, `surname`, `birthdate`) VALUES (12, 'Caleigh', 'Bernhard', '2013-07-20');
INSERT INTO `client` (`id`, `first_name`, `surname`, `birthdate`) VALUES (13, 'Elsie', 'Leuschke', '2014-01-11');
INSERT INTO `client` (`id`, `first_name`, `surname`, `birthdate`) VALUES (14, 'Joanne', 'Abernathy', '2013-07-24');
INSERT INTO `client` (`id`, `first_name`, `surname`, `birthdate`) VALUES (15, 'Valentin', 'Klocko', '2005-05-26');
INSERT INTO `client` (`id`, `first_name`, `surname`, `birthdate`) VALUES (16, 'Keanu', 'Treutel', '1995-02-10');
INSERT INTO `client` (`id`, `first_name`, `surname`, `birthdate`) VALUES (17, 'Marcelo', 'Howell', '1988-10-01');
INSERT INTO `client` (`id`, `first_name`, `surname`, `birthdate`) VALUES (18, 'Carole', 'Predovic', '2012-07-03');
INSERT INTO `client` (`id`, `first_name`, `surname`, `birthdate`) VALUES (19, 'Zelma', 'Dibbert', '1984-03-03');
INSERT INTO `client` (`id`, `first_name`, `surname`, `birthdate`) VALUES (20, 'Garry', 'Labadie', '1980-10-10');
INSERT INTO `client` (`id`, `first_name`, `surname`, `birthdate`) VALUES (21, 'Dorthy', 'Davis', '1999-04-01');
INSERT INTO `client` (`id`, `first_name`, `surname`, `birthdate`) VALUES (22, 'Garrett', 'Batz', '1986-03-08');
INSERT INTO `client` (`id`, `first_name`, `surname`, `birthdate`) VALUES (23, 'Etha', 'Koss', '2016-02-09');
INSERT INTO `client` (`id`, `first_name`, `surname`, `birthdate`) VALUES (24, 'Emie', 'Wiza', '1999-08-10');
INSERT INTO `client` (`id`, `first_name`, `surname`, `birthdate`) VALUES (25, 'Jules', 'Reichert', '1982-03-06');
INSERT INTO `client` (`id`, `first_name`, `surname`, `birthdate`) VALUES (26, 'Kody', 'Hettinger', '2005-05-26');
INSERT INTO `client` (`id`, `first_name`, `surname`, `birthdate`) VALUES (27, 'Leta', 'McGlynn', '2005-04-06');
INSERT INTO `client` (`id`, `first_name`, `surname`, `birthdate`) VALUES (28, 'Ashleigh', 'Windler', '2015-11-06');
INSERT INTO `client` (`id`, `first_name`, `surname`, `birthdate`) VALUES (29, 'Myra', 'Johnson', '1996-05-04');
INSERT INTO `client` (`id`, `first_name`, `surname`, `birthdate`) VALUES (30, 'Annabelle', 'Yundt', '1975-06-24');
INSERT INTO `client` (`id`, `first_name`, `surname`, `birthdate`) VALUES (31, 'Elisa', 'Kunde', '1972-01-22');
INSERT INTO `client` (`id`, `first_name`, `surname`, `birthdate`) VALUES (32, 'Rylan', 'Mraz', '1991-12-22');
INSERT INTO `client` (`id`, `first_name`, `surname`, `birthdate`) VALUES (33, 'Cole', 'Kuvalis', '2006-09-11');
INSERT INTO `client` (`id`, `first_name`, `surname`, `birthdate`) VALUES (34, 'Joshua', 'Haley', '1988-12-21');
INSERT INTO `client` (`id`, `first_name`, `surname`, `birthdate`) VALUES (35, 'Jana', 'Mosciski', '1983-10-04');
INSERT INTO `client` (`id`, `first_name`, `surname`, `birthdate`) VALUES (36, 'Samara', 'Erdman', '1985-07-28');
INSERT INTO `client` (`id`, `first_name`, `surname`, `birthdate`) VALUES (37, 'Filiberto', 'Morar', '1982-03-14');
INSERT INTO `client` (`id`, `first_name`, `surname`, `birthdate`) VALUES (38, 'Maximillian', 'Conn', '2018-01-23');
INSERT INTO `client` (`id`, `first_name`, `surname`, `birthdate`) VALUES (39, 'Jordy', 'Harvey', '1991-08-01');
INSERT INTO `client` (`id`, `first_name`, `surname`, `birthdate`) VALUES (40, 'Idella', 'Nikolaus', '1998-06-12');
INSERT INTO `client` (`id`, `first_name`, `surname`, `birthdate`) VALUES (41, 'Kasandra', 'Smith', '1994-10-13');
INSERT INTO `client` (`id`, `first_name`, `surname`, `birthdate`) VALUES (42, 'Austen', 'Wilkinson', '1984-09-02');
INSERT INTO `client` (`id`, `first_name`, `surname`, `birthdate`) VALUES (43, 'Nicklaus', 'Bahringer', '1998-07-19');
INSERT INTO `client` (`id`, `first_name`, `surname`, `birthdate`) VALUES (44, 'Kory', 'Zulauf', '2004-01-27');
INSERT INTO `client` (`id`, `first_name`, `surname`, `birthdate`) VALUES (45, 'Elza', 'Gorczany', '1986-11-25');
INSERT INTO `client` (`id`, `first_name`, `surname`, `birthdate`) VALUES (46, 'Raheem', 'Blanda', '1980-01-04');
INSERT INTO `client` (`id`, `first_name`, `surname`, `birthdate`) VALUES (47, 'Marvin', 'Nicolas', '1998-02-25');
INSERT INTO `client` (`id`, `first_name`, `surname`, `birthdate`) VALUES (48, 'Boris', 'Smith', '1994-04-13');
INSERT INTO `client` (`id`, `first_name`, `surname`, `birthdate`) VALUES (49, 'Alden', 'Gorczany', '2013-01-24');
INSERT INTO `client` (`id`, `first_name`, `surname`, `birthdate`) VALUES (50, 'Jairo', 'Hilpert', '2013-04-18');
INSERT INTO `client` (`id`, `first_name`, `surname`, `birthdate`) VALUES (51, 'Abbie', 'Fadel', '1974-02-26');
INSERT INTO `client` (`id`, `first_name`, `surname`, `birthdate`) VALUES (52, 'Lucy', 'Cruickshank', '2004-08-12');
INSERT INTO `client` (`id`, `first_name`, `surname`, `birthdate`) VALUES (53, 'Cedrick', 'Muller', '1978-05-18');
INSERT INTO `client` (`id`, `first_name`, `surname`, `birthdate`) VALUES (54, 'Claudine', 'Runte', '1974-07-17');
INSERT INTO `client` (`id`, `first_name`, `surname`, `birthdate`) VALUES (55, 'Phyllis', 'Heidenreich', '1982-11-25');
INSERT INTO `client` (`id`, `first_name`, `surname`, `birthdate`) VALUES (56, 'Casimer', 'Krajcik', '2018-09-24');
INSERT INTO `client` (`id`, `first_name`, `surname`, `birthdate`) VALUES (57, 'Jamison', 'Feeney', '2001-05-23');
INSERT INTO `client` (`id`, `first_name`, `surname`, `birthdate`) VALUES (58, 'Rebeca', 'Cummerata', '1998-08-02');
INSERT INTO `client` (`id`, `first_name`, `surname`, `birthdate`) VALUES (59, 'Kaelyn', 'Adams', '1981-09-10');
INSERT INTO `client` (`id`, `first_name`, `surname`, `birthdate`) VALUES (60, 'Alexis', 'Skiles', '1995-09-24');
INSERT INTO `client` (`id`, `first_name`, `surname`, `birthdate`) VALUES (61, 'Mary', 'Gislason', '2012-08-15');
INSERT INTO `client` (`id`, `first_name`, `surname`, `birthdate`) VALUES (62, 'Efren', 'Bernier', '2014-06-30');
INSERT INTO `client` (`id`, `first_name`, `surname`, `birthdate`) VALUES (63, 'Brenna', 'Ortiz', '2016-03-08');
INSERT INTO `client` (`id`, `first_name`, `surname`, `birthdate`) VALUES (64, 'Isobel', 'Kihn', '1971-09-18');
INSERT INTO `client` (`id`, `first_name`, `surname`, `birthdate`) VALUES (65, 'Kianna', 'Purdy', '1988-10-10');
INSERT INTO `client` (`id`, `first_name`, `surname`, `birthdate`) VALUES (66, 'Mitchell', 'Batz', '2014-10-06');
INSERT INTO `client` (`id`, `first_name`, `surname`, `birthdate`) VALUES (67, 'Alexandro', 'Erdman', '2014-06-07');
INSERT INTO `client` (`id`, `first_name`, `surname`, `birthdate`) VALUES (68, 'Eunice', 'Ortiz', '2001-07-17');
INSERT INTO `client` (`id`, `first_name`, `surname`, `birthdate`) VALUES (69, 'Eunice', 'Parisian', '1976-06-12');
INSERT INTO `client` (`id`, `first_name`, `surname`, `birthdate`) VALUES (70, 'Pink', 'O\'Conner', '1970-01-08');
INSERT INTO `client` (`id`, `first_name`, `surname`, `birthdate`) VALUES (71, 'Ernestine', 'Deckow', '2007-12-20');
INSERT INTO `client` (`id`, `first_name`, `surname`, `birthdate`) VALUES (72, 'Kamille', 'Ullrich', '1999-12-02');
INSERT INTO `client` (`id`, `first_name`, `surname`, `birthdate`) VALUES (73, 'Jerrod', 'Haag', '1990-02-05');
INSERT INTO `client` (`id`, `first_name`, `surname`, `birthdate`) VALUES (74, 'Alena', 'Emmerich', '1998-11-10');
INSERT INTO `client` (`id`, `first_name`, `surname`, `birthdate`) VALUES (75, 'Shane', 'Greenfelder', '1972-01-28');
INSERT INTO `client` (`id`, `first_name`, `surname`, `birthdate`) VALUES (76, 'Elta', 'Lueilwitz', '1995-05-30');
INSERT INTO `client` (`id`, `first_name`, `surname`, `birthdate`) VALUES (77, 'Jacquelyn', 'Gibson', '1997-12-31');
INSERT INTO `client` (`id`, `first_name`, `surname`, `birthdate`) VALUES (78, 'Janet', 'Bayer', '1990-06-13');


#
# TABLE STRUCTURE FOR: employee
#

DROP TABLE IF EXISTS `employee`;

CREATE TABLE `employee` (
  `id` int(11) NOT NULL AUTO_INCREMENT,
  `first_name` varchar(255) COLLATE utf8_unicode_ci DEFAULT NULL,
  `surname` varchar(255) COLLATE utf8_unicode_ci DEFAULT NULL,
  `address` value COLLATE utf8_unicode_ci DEFAULT NULL,
  `phone` varchar(255) COLLATE utf8_unicode_ci DEFAULT NULL,
  `note` value COLLATE utf8_unicode_ci DEFAULT NULL,
  `pay` decimal(9,2) DEFAULT NULL,
  PRIMARY KEY (`id`)
) ENGINE=InnoDB AUTO_INCREMENT=16 DEFAULT CHARSET=utf8 COLLATE=utf8_unicode_ci;

INSERT INTO `employee` (`id`, `first_name`, `surname`, `address`, `phone`, `note`, `pay`) VALUES (1, 'Troy', 'Feil', '62721 Jaydon Divide Apt. 979\nSouth Destiney, LA 60126-2189', '958.386.7186x146', 'Placeat et dolorem voluptatem non. Ducimus inventore molestiae vero nihil dolore excepturi corporis. Vitae aut qui quae labore incidunt est omnis.', '34.87');
INSERT INTO `employee` (`id`, `first_name`, `surname`, `address`, `phone`, `note`, `pay`) VALUES (2, 'Austyn', 'Mosciski', '09256 Cruickshank Trace Apt. 459\nLockmanfurt, MT 13261', '06533820710', 'Eligendi beatae aut a repudiandae illum voluptatum eveniet. Sunt tenetur quam esse aut a nesciunt.', '21.15');
INSERT INTO `employee` (`id`, `first_name`, `surname`, `address`, `phone`, `note`, `pay`) VALUES (3, 'Henri', 'Jacobson', '5097 Giovani Fort Suite 817\nSouth Mertie, MS 22474', '869-250-2047x6668', 'Sed qui et ipsam suscipit. Tempora consequatur exercitationem magni aspernatur magnam. Adipisci soluta occaecati minima dolor eveniet fugit.', '12.50');
INSERT INTO `employee` (`id`, `first_name`, `surname`, `address`, `phone`, `note`, `pay`) VALUES (4, 'Russ', 'West', '2976 Anissa Shore\nNorth Selenaville, AL 21285', '1-970-466-8273', 'Ea dicta labore nemo veniam dicta quia. Dolor nobis illo nihil ea consequuntur. Et voluptatem et ratione aut blanditiis cumque et. Odio ratione sint ratione.', '20.14');
INSERT INTO `employee` (`id`, `first_name`, `surname`, `address`, `phone`, `note`, `pay`) VALUES (5, 'Orville', 'Paucek', '7189 Dibbert Via Apt. 665\nNorth Cora, SC 34156-0165', '319-929-0467x9836', 'Illo eum est consequuntur adipisci omnis dolores maxime sunt. Nemo aut quia nobis officiis. Facilis assumenda quia dolores magni assumenda ratione.', '10.72');
INSERT INTO `employee` (`id`, `first_name`, `surname`, `address`, `phone`, `note`, `pay`) VALUES (6, 'Seamus', 'Hane', '31011 Edmund Spring Suite 773\nBradtkemouth, CT 54456-2096', '(272)011-2900', 'Eaque molestias reprehenderit vel voluptates fugiat quis. Aut quisquam corrupti non assumenda libero vel fugiat nulla. Totam temporibus ullam laboriosam sequi accusamus.', '13.20');
INSERT INTO `employee` (`id`, `first_name`, `surname`, `address`, `phone`, `note`, `pay`) VALUES (7, 'Hoyt', 'Kautzer', '903 Garry Neck Apt. 157\nMarcellemouth, IN 68122-8921', '301-281-4391x1739', 'Eius sed maiores natus autem omnis ut eveniet. Voluptatem omnis ducimus maiores vero dolorem. Libero qui aut cumque et officiis. Et eligendi dolor enim.', '5.21');
INSERT INTO `employee` (`id`, `first_name`, `surname`, `address`, `phone`, `note`, `pay`) VALUES (8, 'Emiliano', 'Borer', '6121 Breanna Mountains\nDarylhaven, NJ 53971-6563', '709-547-6102', 'Laboriosam possimus maiores tempore magni debitis labore quidem. Dolor consequuntur pariatur recusandae assumenda qui architecto. Laborum ducimus fuga repellat dicta nemo. Autem qui eligendi quis modi. Et hic non explicabo ratione hic ut quisquam.', '5.69');
INSERT INTO `employee` (`id`, `first_name`, `surname`, `address`, `phone`, `note`, `pay`) VALUES (9, 'Irving', 'Kemmer', '451 Smitham Prairie\nDewaynebury, HI 74374-3363', '1-967-803-3040', 'Ipsum rerum repellat earum sunt nisi deleniti. Quis molestiae quia illum et. In doloribus at laboriosam totam non incidunt. Fugiat laboriosam ab expedita eaque ullam et.', '40.73');
INSERT INTO `employee` (`id`, `first_name`, `surname`, `address`, `phone`, `note`, `pay`) VALUES (10, 'Irwin', 'Braun', '650 Hessel Parks\nNorth Albinafurt, AK 76102', '(383)929-8918x18507', 'Atque deserunt rerum voluptatibus. Quia quaerat est libero nihil dolorem. Et id est ducimus deleniti repudiandae libero ratione. Dolorum repudiandae possimus eum id asperiores magnam qui.', '33.58');
INSERT INTO `employee` (`id`, `first_name`, `surname`, `address`, `phone`, `note`, `pay`) VALUES (11, 'Einar', 'Emmerich', '0719 Gutmann Burgs Suite 000\nKathryneport, TN 75343', '1-964-831-0381', 'Eius a rerum vero sunt. Architecto nam qui in nihil. Nobis rerum voluptatibus quas blanditiis tempora. Provident eos dolore et sint perspiciatis reprehenderit.', '13.22');
INSERT INTO `employee` (`id`, `first_name`, `surname`, `address`, `phone`, `note`, `pay`) VALUES (12, 'Roy', 'Harvey', '60636 Zane Rapids Apt. 220\nSouth Nickolashaven, AZ 99965', '176-796-5295x43716', 'Repudiandae distinctio aut officia saepe et pariatur beatae expedita. Adipisci neque sunt aut et nemo sapiente. Ut nihil ut est assumenda doloribus quidem modi. Praesentium id vel recusandae doloremque necessitatibus laudantium ducimus.', '25.73');
INSERT INTO `employee` (`id`, `first_name`, `surname`, `address`, `phone`, `note`, `pay`) VALUES (13, 'Kenton', 'Stracke', '0331 Napoleon Unions Apt. 738\nPort Kiana, MA 22143', '715.847.3695', 'Sed rerum a dolorem blanditiis. Ut asperiores esse eum ut facere iure debitis. Ut fuga et esse consequatur enim nesciunt aspernatur.', '17.05');
INSERT INTO `employee` (`id`, `first_name`, `surname`, `address`, `phone`, `note`, `pay`) VALUES (14, 'Korey', 'Watsica', '019 Kohler Manor\nSouth Alford, HI 59835', '112.806.2364x618', 'Porro optio qui ullam odio est. Ipsa modi iste omnis veritatis nihil. Aut qui vel magnam sit numquam possimus sint est. Dolor labore et harum non ut et doloremque.', '31.80');
INSERT INTO `employee` (`id`, `first_name`, `surname`, `address`, `phone`, `note`, `pay`) VALUES (15, 'Dario', 'Eichmann', '9591 Garth Plain Suite 146\nSouth Ninaburgh, HI 93642', '09981143029', 'Omnis aut et voluptatem illum error ut. Harum in quos atque. Ipsa culpa delectus quam ex omnis.', '5.76');

#
# TABLE STRUCTURE FOR: car
#

DROP TABLE IF EXISTS `car`;

CREATE TABLE `car` (
  `id` int(11) NOT NULL AUTO_INCREMENT,
  `brand` varchar(255) COLLATE utf8_unicode_ci DEFAULT NULL,
  `model` varchar(255) COLLATE utf8_unicode_ci DEFAULT NULL,
  `prod_year` int(11) DEFAULT NULL,
  `plate_number` varchar(255) COLLATE utf8_unicode_ci DEFAULT NULL,
  `next_inspection` date DEFAULT NULL,
  `client_id` int(11) DEFAULT NULL,
  PRIMARY KEY (`id`),
  KEY `car_client_id_fk` (`client_id`),
  CONSTRAINT `car_client_id_fk` FOREIGN KEY (`client_id`) REFERENCES `client` (`id`)
) ENGINE=InnoDB AUTO_INCREMENT=108 DEFAULT CHARSET=utf8 COLLATE=utf8_unicode_ci;

INSERT INTO `car` (`id`, `brand`, `model`, `prod_year`, `plate_number`, `next_inspection`, `client_id`) VALUES (1, 'unde', 'error', '2001', 'fh 73373', '1972-05-08', 78);
INSERT INTO `car` (`id`, `brand`, `model`, `prod_year`, `plate_number`, `next_inspection`, `client_id`) VALUES (2, 'sed', 'a', '1981', 'nb 70522', '1975-05-19', 75);
INSERT INTO `car` (`id`, `brand`, `model`, `prod_year`, `plate_number`, `next_inspection`, `client_id`) VALUES (3, 'consequatur', 'repudiandae', '1993', 'zr 54854', '1971-04-03', 62);
INSERT INTO `car` (`id`, `brand`, `model`, `prod_year`, `plate_number`, `next_inspection`, `client_id`) VALUES (4, 'distinctio', 'repellat', '1993', 'da 99646', '2005-12-16', 44);
INSERT INTO `car` (`id`, `brand`, `model`, `prod_year`, `plate_number`, `next_inspection`, `client_id`) VALUES (5, 'voluptatem', 'modi', '2007', 'do 97829', '2001-12-17', 42);
INSERT INTO `car` (`id`, `brand`, `model`, `prod_year`, `plate_number`, `next_inspection`, `client_id`) VALUES (6, 'dolores', 'qui', '1996', 'jv 65532', '1974-06-01', 52);
INSERT INTO `car` (`id`, `brand`, `model`, `prod_year`, `plate_number`, `next_inspection`, `client_id`) VALUES (7, 'voluptatem', 'quasi', '2005', 'lt 71266', '1981-07-16', 29);
INSERT INTO `car` (`id`, `brand`, `model`, `prod_year`, `plate_number`, `next_inspection`, `client_id`) VALUES (8, 'et', 'ad', '1990', 'bb 86588', '1982-01-18', 78);
INSERT INTO `car` (`id`, `brand`, `model`, `prod_year`, `plate_number`, `next_inspection`, `client_id`) VALUES (9, 'voluptas', 'dignissimos', '2016', 'pi 27664', '1994-07-03', 67);
INSERT INTO `car` (`id`, `brand`, `model`, `prod_year`, `plate_number`, `next_inspection`, `client_id`) VALUES (10, 'totam', 'delectus', '2016', 'ps 97754', '2005-04-18', 14);
INSERT INTO `car` (`id`, `brand`, `model`, `prod_year`, `plate_number`, `next_inspection`, `client_id`) VALUES (11, 'dignissimos', 'voluptatibus', '2007', 'wr 00611', '2012-12-29', 34);
INSERT INTO `car` (`id`, `brand`, `model`, `prod_year`, `plate_number`, `next_inspection`, `client_id`) VALUES (12, 'voluptatibus', 'est', '2003', 'cr 23734', '2004-11-10', 28);
INSERT INTO `car` (`id`, `brand`, `model`, `prod_year`, `plate_number`, `next_inspection`, `client_id`) VALUES (13, 'expedita', 'esse', '1995', 'uj 40562', '1971-01-27', 17);
INSERT INTO `car` (`id`, `brand`, `model`, `prod_year`, `plate_number`, `next_inspection`, `client_id`) VALUES (14, 'earum', 'nulla', '1987', 'it 73336', '1980-06-03', 56);
INSERT INTO `car` (`id`, `brand`, `model`, `prod_year`, `plate_number`, `next_inspection`, `client_id`) VALUES (15, 'in', 'voluptate', '1989', 'ra 21604', '2001-03-22', 32);
INSERT INTO `car` (`id`, `brand`, `model`, `prod_year`, `plate_number`, `next_inspection`, `client_id`) VALUES (16, 'sunt', 'architecto', '1987', 'od 55475', '2017-07-06', 53);
INSERT INTO `car` (`id`, `brand`, `model`, `prod_year`, `plate_number`, `next_inspection`, `client_id`) VALUES (17, 'aperiam', 'sequi', '1979', 'nm 82492', '2011-03-20', 15);
INSERT INTO `car` (`id`, `brand`, `model`, `prod_year`, `plate_number`, `next_inspection`, `client_id`) VALUES (18, 'aperiam', 'aut', '1997', 'nr 65101', '1989-10-21', 75);
INSERT INTO `car` (`id`, `brand`, `model`, `prod_year`, `plate_number`, `next_inspection`, `client_id`) VALUES (19, 'quia', 'provident', '1999', 'wu 57485', '1973-05-11', 53);
INSERT INTO `car` (`id`, `brand`, `model`, `prod_year`, `plate_number`, `next_inspection`, `client_id`) VALUES (20, 'incidunt', 'sapiente', '2009', 'vr 48793', '2019-05-12', 72);
INSERT INTO `car` (`id`, `brand`, `model`, `prod_year`, `plate_number`, `next_inspection`, `client_id`) VALUES (21, 'animi', 'eos', '1990', 'vu 29626', '2019-10-21', 72);
INSERT INTO `car` (`id`, `brand`, `model`, `prod_year`, `plate_number`, `next_inspection`, `client_id`) VALUES (22, 'magni', 'incidunt', '1979', 'cd 31601', '2002-03-21', 71);
INSERT INTO `car` (`id`, `brand`, `model`, `prod_year`, `plate_number`, `next_inspection`, `client_id`) VALUES (23, 'ea', 'alias', '2003', 'ak 87349', '1977-02-11', 60);
INSERT INTO `car` (`id`, `brand`, `model`, `prod_year`, `plate_number`, `next_inspection`, `client_id`) VALUES (24, 'ducimus', 'maxime', '2011', 'tc 98505', '1983-03-28', 25);
INSERT INTO `car` (`id`, `brand`, `model`, `prod_year`, `plate_number`, `next_inspection`, `client_id`) VALUES (25, 'id', 'vel', '1972', 'ds 54231', '1992-03-24', 49);
INSERT INTO `car` (`id`, `brand`, `model`, `prod_year`, `plate_number`, `next_inspection`, `client_id`) VALUES (26, 'est', 'qui', '1975', 'jh 94041', '1976-06-08', 59);
INSERT INTO `car` (`id`, `brand`, `model`, `prod_year`, `plate_number`, `next_inspection`, `client_id`) VALUES (27, 'et', 'libero', '2002', 'me 60731', '1977-07-23', 5);
INSERT INTO `car` (`id`, `brand`, `model`, `prod_year`, `plate_number`, `next_inspection`, `client_id`) VALUES (28, 'esse', 'accusamus', '1998', 'xh 94721', '2004-06-02', 31);
INSERT INTO `car` (`id`, `brand`, `model`, `prod_year`, `plate_number`, `next_inspection`, `client_id`) VALUES (29, 'dolorem', 'sed', '1989', 'qb 46004', '1990-10-30', 73);
INSERT INTO `car` (`id`, `brand`, `model`, `prod_year`, `plate_number`, `next_inspection`, `client_id`) VALUES (30, 'veniam', 'dolorem', '1985', 'xi 90696', '2002-09-02', 25);
INSERT INTO `car` (`id`, `brand`, `model`, `prod_year`, `plate_number`, `next_inspection`, `client_id`) VALUES (31, 'natus', 'debitis', '1976', 'nv 24890', '1995-09-13', 35);
INSERT INTO `car` (`id`, `brand`, `model`, `prod_year`, `plate_number`, `next_inspection`, `client_id`) VALUES (32, 'eum', 'voluptates', '2003', 'dd 16944', '2014-08-15', 73);
INSERT INTO `car` (`id`, `brand`, `model`, `prod_year`, `plate_number`, `next_inspection`, `client_id`) VALUES (33, 'neque', 'consequuntur', '1997', 'la 33712', '1971-05-31', 22);
INSERT INTO `car` (`id`, `brand`, `model`, `prod_year`, `plate_number`, `next_inspection`, `client_id`) VALUES (34, 'illo', 'accusamus', '1986', 'da 47924', '1989-01-14', 18);
INSERT INTO `car` (`id`, `brand`, `model`, `prod_year`, `plate_number`, `next_inspection`, `client_id`) VALUES (35, 'ut', 'quia', '1999', 'ak 35208', '1982-07-01', 38);
INSERT INTO `car` (`id`, `brand`, `model`, `prod_year`, `plate_number`, `next_inspection`, `client_id`) VALUES (36, 'quisquam', 'adipisci', '1998', 'pr 75823', '1980-01-19', 63);
INSERT INTO `car` (`id`, `brand`, `model`, `prod_year`, `plate_number`, `next_inspection`, `client_id`) VALUES (37, 'tenetur', 'dolorem', '1993', 'gx 33440', '2018-01-16', 69);
INSERT INTO `car` (`id`, `brand`, `model`, `prod_year`, `plate_number`, `next_inspection`, `client_id`) VALUES (38, 'quibusdam', 'omnis', '1985', 'rc 12597', '1990-10-22', 67);
INSERT INTO `car` (`id`, `brand`, `model`, `prod_year`, `plate_number`, `next_inspection`, `client_id`) VALUES (39, 'et', 'velit', '1988', 'on 03681', '2004-10-08', 63);
INSERT INTO `car` (`id`, `brand`, `model`, `prod_year`, `plate_number`, `next_inspection`, `client_id`) VALUES (40, 'sint', 'nihil', '1976', 'aa 76692', '1975-11-14', 58);
INSERT INTO `car` (`id`, `brand`, `model`, `prod_year`, `plate_number`, `next_inspection`, `client_id`) VALUES (41, 'voluptates', 'accusantium', '2002', 'pi 53584', '1984-11-19', 2);
INSERT INTO `car` (`id`, `brand`, `model`, `prod_year`, `plate_number`, `next_inspection`, `client_id`) VALUES (42, 'at', 'veritatis', '1996', 'rl 72677', '2008-11-29', 18);
INSERT INTO `car` (`id`, `brand`, `model`, `prod_year`, `plate_number`, `next_inspection`, `client_id`) VALUES (43, 'veniam', 'sunt', '2016', 'my 47203', '1977-06-12', 7);
INSERT INTO `car` (`id`, `brand`, `model`, `prod_year`, `plate_number`, `next_inspection`, `client_id`) VALUES (44, 'officia', 'neque', '2011', 'vs 81569', '1984-11-01', 19);
INSERT INTO `car` (`id`, `brand`, `model`, `prod_year`, `plate_number`, `next_inspection`, `client_id`) VALUES (45, 'et', 'minima', '1989', 'hj 39041', '1992-01-03', 73);
INSERT INTO `car` (`id`, `brand`, `model`, `prod_year`, `plate_number`, `next_inspection`, `client_id`) VALUES (46, 'ipsum', 'placeat', '1980', 'yg 65267', '1980-04-17', 39);
INSERT INTO `car` (`id`, `brand`, `model`, `prod_year`, `plate_number`, `next_inspection`, `client_id`) VALUES (47, 'delectus', 'et', '1987', 'ta 90677', '1979-12-27', 71);
INSERT INTO `car` (`id`, `brand`, `model`, `prod_year`, `plate_number`, `next_inspection`, `client_id`) VALUES (48, 'magni', 'illum', '2007', 'oj 14904', '2002-02-13', 10);
INSERT INTO `car` (`id`, `brand`, `model`, `prod_year`, `plate_number`, `next_inspection`, `client_id`) VALUES (49, 'et', 'architecto', '1986', 'vh 90162', '1989-09-18', 36);
INSERT INTO `car` (`id`, `brand`, `model`, `prod_year`, `plate_number`, `next_inspection`, `client_id`) VALUES (50, 'et', 'iure', '1991', 'kb 01046', '2011-06-10', 46);
INSERT INTO `car` (`id`, `brand`, `model`, `prod_year`, `plate_number`, `next_inspection`, `client_id`) VALUES (51, 'mollitia', 'est', '1999', 'tu 05051', '2017-01-20', 4);
INSERT INTO `car` (`id`, `brand`, `model`, `prod_year`, `plate_number`, `next_inspection`, `client_id`) VALUES (52, 'aut', 'sapiente', '1974', 'rt 98467', '2007-10-26', 29);
INSERT INTO `car` (`id`, `brand`, `model`, `prod_year`, `plate_number`, `next_inspection`, `client_id`) VALUES (53, 'autem', 'ut', '1973', 'eg 37736', '2004-11-30', 38);
INSERT INTO `car` (`id`, `brand`, `model`, `prod_year`, `plate_number`, `next_inspection`, `client_id`) VALUES (54, 'laudantium', 'similique', '1995', 'sy 07724', '1998-06-20', 63);
INSERT INTO `car` (`id`, `brand`, `model`, `prod_year`, `plate_number`, `next_inspection`, `client_id`) VALUES (55, 'qui', 'est', '1974', 'wm 17078', '1975-03-09', 54);
INSERT INTO `car` (`id`, `brand`, `model`, `prod_year`, `plate_number`, `next_inspection`, `client_id`) VALUES (56, 'molestias', 'provident', '1981', 'ek 87075', '2018-09-16', 9);
INSERT INTO `car` (`id`, `brand`, `model`, `prod_year`, `plate_number`, `next_inspection`, `client_id`) VALUES (57, 'animi', 'optio', '1983', 'cu 70170', '2014-08-08', 44);
INSERT INTO `car` (`id`, `brand`, `model`, `prod_year`, `plate_number`, `next_inspection`, `client_id`) VALUES (58, 'distinctio', 'cupiditate', '2010', 'ys 67180', '2016-06-14', 59);
INSERT INTO `car` (`id`, `brand`, `model`, `prod_year`, `plate_number`, `next_inspection`, `client_id`) VALUES (59, 'temporibus', 'et', '2001', 'yq 82294', '2002-11-12', 40);
INSERT INTO `car` (`id`, `brand`, `model`, `prod_year`, `plate_number`, `next_inspection`, `client_id`) VALUES (60, 'voluptas', 'eius', '1974', 'vz 56255', '1972-05-14', 39);
INSERT INTO `car` (`id`, `brand`, `model`, `prod_year`, `plate_number`, `next_inspection`, `client_id`) VALUES (61, 'aliquid', 'qui', '1986', 'mw 99201', '2007-06-10', 5);
INSERT INTO `car` (`id`, `brand`, `model`, `prod_year`, `plate_number`, `next_inspection`, `client_id`) VALUES (62, 'non', 'dolorum', '1996', 'tf 08572', '2000-04-15', 74);
INSERT INTO `car` (`id`, `brand`, `model`, `prod_year`, `plate_number`, `next_inspection`, `client_id`) VALUES (63, 'totam', 'dolorem', '2014', 'uq 25080', '2008-05-12', 33);
INSERT INTO `car` (`id`, `brand`, `model`, `prod_year`, `plate_number`, `next_inspection`, `client_id`) VALUES (64, 'hic', 'quisquam', '1988', 'fy 08978', '2000-01-06', 26);
INSERT INTO `car` (`id`, `brand`, `model`, `prod_year`, `plate_number`, `next_inspection`, `client_id`) VALUES (65, 'ea', 'sapiente', '1978', 'wh 45379', '2009-09-18', 13);
INSERT INTO `car` (`id`, `brand`, `model`, `prod_year`, `plate_number`, `next_inspection`, `client_id`) VALUES (66, 'neque', 'hic', '1996', 'jf 95413', '1988-06-13', 71);
INSERT INTO `car` (`id`, `brand`, `model`, `prod_year`, `plate_number`, `next_inspection`, `client_id`) VALUES (67, 'ut', 'tempora', '2017', 'dw 82058', '2004-07-13', 11);
INSERT INTO `car` (`id`, `brand`, `model`, `prod_year`, `plate_number`, `next_inspection`, `client_id`) VALUES (68, 'vitae', 'fugiat', '2001', 'rx 39425', '1997-12-13', 4);
INSERT INTO `car` (`id`, `brand`, `model`, `prod_year`, `plate_number`, `next_inspection`, `client_id`) VALUES (69, 'consequatur', 'deserunt', '1987', 'bk 90383', '1978-06-03', 59);
INSERT INTO `car` (`id`, `brand`, `model`, `prod_year`, `plate_number`, `next_inspection`, `client_id`) VALUES (70, 'provident', 'eos', '1989', 'xa 28868', '2003-05-15', 74);
INSERT INTO `car` (`id`, `brand`, `model`, `prod_year`, `plate_number`, `next_inspection`, `client_id`) VALUES (71, 'aut', 'optio', '1998', 'rc 38018', '1984-07-09', 61);
INSERT INTO `car` (`id`, `brand`, `model`, `prod_year`, `plate_number`, `next_inspection`, `client_id`) VALUES (72, 'officiis', 'placeat', '1970', 'ql 35336', '2002-09-21', 61);
INSERT INTO `car` (`id`, `brand`, `model`, `prod_year`, `plate_number`, `next_inspection`, `client_id`) VALUES (73, 'ad', 'aperiam', '1991', 'jt 99827', '2006-07-29', 13);
INSERT INTO `car` (`id`, `brand`, `model`, `prod_year`, `plate_number`, `next_inspection`, `client_id`) VALUES (74, 'voluptatem', 'molestiae', '1973', 'rp 44798', '1974-03-30', 68);
INSERT INTO `car` (`id`, `brand`, `model`, `prod_year`, `plate_number`, `next_inspection`, `client_id`) VALUES (75, 'deleniti', 'autem', '2001', 'od 51081', '2011-11-09', 1);
INSERT INTO `car` (`id`, `brand`, `model`, `prod_year`, `plate_number`, `next_inspection`, `client_id`) VALUES (76, 'fugit', 'enim', '2007', 'iq 93291', '1982-10-04', 8);
INSERT INTO `car` (`id`, `brand`, `model`, `prod_year`, `plate_number`, `next_inspection`, `client_id`) VALUES (77, 'ut', 'quia', '1981', 'kd 84464', '2019-12-26', 28);
INSERT INTO `car` (`id`, `brand`, `model`, `prod_year`, `plate_number`, `next_inspection`, `client_id`) VALUES (78, 'aut', 'rerum', '2014', 'we 29345', '2009-02-20', 72);
INSERT INTO `car` (`id`, `brand`, `model`, `prod_year`, `plate_number`, `next_inspection`, `client_id`) VALUES (79, 'molestias', 'maxime', '2013', 'mc 85974', '1987-03-28', 18);
INSERT INTO `car` (`id`, `brand`, `model`, `prod_year`, `plate_number`, `next_inspection`, `client_id`) VALUES (80, 'debitis', 'velit', '1988', 'yi 53994', '1997-12-23', 63);
INSERT INTO `car` (`id`, `brand`, `model`, `prod_year`, `plate_number`, `next_inspection`, `client_id`) VALUES (81, 'voluptatem', 'temporibus', '1972', 'in 14908', '1993-06-06', 39);
INSERT INTO `car` (`id`, `brand`, `model`, `prod_year`, `plate_number`, `next_inspection`, `client_id`) VALUES (82, 'ratione', 'sunt', '1986', 'gy 88730', '1976-07-21', 21);
INSERT INTO `car` (`id`, `brand`, `model`, `prod_year`, `plate_number`, `next_inspection`, `client_id`) VALUES (83, 'alias', 'eum', '1978', 'hu 72550', '2013-10-06', 14);
INSERT INTO `car` (`id`, `brand`, `model`, `prod_year`, `plate_number`, `next_inspection`, `client_id`) VALUES (84, 'pariatur', 'quis', '1990', 'ow 42137', '2007-12-21', 77);
INSERT INTO `car` (`id`, `brand`, `model`, `prod_year`, `plate_number`, `next_inspection`, `client_id`) VALUES (85, 'rerum', 'praesentium', '1981', 'js 24112', '1980-04-05', 6);
INSERT INTO `car` (`id`, `brand`, `model`, `prod_year`, `plate_number`, `next_inspection`, `client_id`) VALUES (86, 'sint', 'maxime', '1992', 'xl 52705', '2018-07-11', 67);
INSERT INTO `car` (`id`, `brand`, `model`, `prod_year`, `plate_number`, `next_inspection`, `client_id`) VALUES (87, 'nemo', 'non', '2010', 'ie 20247', '2008-12-08', 8);
INSERT INTO `car` (`id`, `brand`, `model`, `prod_year`, `plate_number`, `next_inspection`, `client_id`) VALUES (88, 'a', 'iste', '1985', 'vz 50810', '1977-10-03', 49);
INSERT INTO `car` (`id`, `brand`, `model`, `prod_year`, `plate_number`, `next_inspection`, `client_id`) VALUES (89, 'corrupti', 'reiciendis', '2014', 'pd 05189', '2015-08-05', 47);
INSERT INTO `car` (`id`, `brand`, `model`, `prod_year`, `plate_number`, `next_inspection`, `client_id`) VALUES (90, 'tempore', 'quis', '2018', 'qz 97223', '1997-02-27', 47);
INSERT INTO `car` (`id`, `brand`, `model`, `prod_year`, `plate_number`, `next_inspection`, `client_id`) VALUES (91, 'quisquam', 'sit', '1981', 'zt 23746', '2017-07-20', 9);
INSERT INTO `car` (`id`, `brand`, `model`, `prod_year`, `plate_number`, `next_inspection`, `client_id`) VALUES (92, 'mollitia', 'harum', '1994', 'oa 14600', '2017-06-18', 52);
INSERT INTO `car` (`id`, `brand`, `model`, `prod_year`, `plate_number`, `next_inspection`, `client_id`) VALUES (93, 'ipsam', 'nulla', '1975', 'ov 05075', '1972-04-24', 42);
INSERT INTO `car` (`id`, `brand`, `model`, `prod_year`, `plate_number`, `next_inspection`, `client_id`) VALUES (94, 'eum', 'sunt', '2015', 'qc 30394', '2004-10-10', 42);
INSERT INTO `car` (`id`, `brand`, `model`, `prod_year`, `plate_number`, `next_inspection`, `client_id`) VALUES (95, 'ex', 'sunt', '1970', 'oe 43515', '1992-07-16', 77);
INSERT INTO `car` (`id`, `brand`, `model`, `prod_year`, `plate_number`, `next_inspection`, `client_id`) VALUES (96, 'similique', 'nam', '1976', 'ug 83592', '1971-05-18', 55);
INSERT INTO `car` (`id`, `brand`, `model`, `prod_year`, `plate_number`, `next_inspection`, `client_id`) VALUES (97, 'ut', 'odio', '2002', 'ko 66169', '1974-06-08', 34);
INSERT INTO `car` (`id`, `brand`, `model`, `prod_year`, `plate_number`, `next_inspection`, `client_id`) VALUES (98, 'non', 'fugit', '1982', 'll 87623', '1987-03-02', 10);
INSERT INTO `car` (`id`, `brand`, `model`, `prod_year`, `plate_number`, `next_inspection`, `client_id`) VALUES (99, 'praesentium', 'numquam', '1997', 'az 70980', '2002-03-22', 58);
INSERT INTO `car` (`id`, `brand`, `model`, `prod_year`, `plate_number`, `next_inspection`, `client_id`) VALUES (100, 'debitis', 'sed', '1993', 'vt 72623', '1985-02-25', 15);
INSERT INTO `car` (`id`, `brand`, `model`, `prod_year`, `plate_number`, `next_inspection`, `client_id`) VALUES (101, 'non', 'labore', '1993', 'kf 29898', '1997-05-16', 5);
INSERT INTO `car` (`id`, `brand`, `model`, `prod_year`, `plate_number`, `next_inspection`, `client_id`) VALUES (102, 'molestiae', 'nihil', '2008', 'fm 26909', '2010-10-12', 41);
INSERT INTO `car` (`id`, `brand`, `model`, `prod_year`, `plate_number`, `next_inspection`, `client_id`) VALUES (103, 'id', 'nihil', '1996', 'oz 67896', '1996-08-22', 75);
INSERT INTO `car` (`id`, `brand`, `model`, `prod_year`, `plate_number`, `next_inspection`, `client_id`) VALUES (104, 'repudiandae', 'aliquam', '2015', 'gx 96662', '1985-09-23', 18);
INSERT INTO `car` (`id`, `brand`, `model`, `prod_year`, `plate_number`, `next_inspection`, `client_id`) VALUES (105, 'est', 'fugiat', '2003', 'us 86075', '1977-11-23', 30);
INSERT INTO `car` (`id`, `brand`, `model`, `prod_year`, `plate_number`, `next_inspection`, `client_id`) VALUES (106, 'sed', 'suscipit', '2015', 'sw 00938', '2016-01-16', 75);
INSERT INTO `car` (`id`, `brand`, `model`, `prod_year`, `plate_number`, `next_inspection`, `client_id`) VALUES (107, 'vero', 'enim', '2007', 'ee 86969', '1973-01-15', 26);



#
# TABLE STRUCTURE FOR: repair
#

DROP TABLE IF EXISTS `repair`;

CREATE TABLE `repair` (
  `id` int(11) NOT NULL AUTO_INCREMENT,
  `date` datetime DEFAULT NULL,
  `start` date DEFAULT NULL,
  `end` date DEFAULT NULL,
  `problem_desc` value COLLATE utf8_unicode_ci DEFAULT NULL,
  `repair_desc` value COLLATE utf8_unicode_ci DEFAULT NULL,
  `status` enum('accepted','cost_approved','in_repair','ready','canceled') COLLATE utf8_unicode_ci DEFAULT NULL,
  `client_cost` decimal(9,2) DEFAULT NULL,
  `parts_cost` decimal(9,2) DEFAULT NULL,
  `pay` decimal(9,2) DEFAULT NULL,
  `work_hours` decimal(9,4) DEFAULT NULL,
  `employee_id` int(11) DEFAULT NULL,
  `car_id` int(11) DEFAULT NULL,
  PRIMARY KEY (`id`),
  KEY `repair_employee_id_fk` (`employee_id`),
  KEY `repair_car_id_fk` (`car_id`),
  CONSTRAINT `repair_car_id_fk` FOREIGN KEY (`car_id`) REFERENCES `car` (`id`),
  CONSTRAINT `repair_employee_id_fk` FOREIGN KEY (`employee_id`) REFERENCES `employee` (`id`)
) ENGINE=InnoDB AUTO_INCREMENT=128 DEFAULT CHARSET=utf8 COLLATE=utf8_unicode_ci;

INSERT INTO `repair` (`id`, `date`, `start`, `end`, `problem_desc`, `repair_desc`, `status`, `client_cost`, `parts_cost`, `pay`, `work_hours`, `employee_id`, `car_id`) VALUES (1, '2013-11-15 13:57:24', '1994-07-07', '1983-08-15', 'Mock Turtle. \'No, no! The adventures first,\' said the Gryphon added \'Come, let\'s try the thing at all. However, \'jury-men\' would have called him Tortoise because he was obliged to say it any longer.', 'Caterpillar. \'Is that the poor child, \'for I never heard it before,\' said Alice,) and round the hall, but they were all shaped like ears and whiskers, how late it\'s getting!\' She was looking about.', 'canceled', '6737.57', '571.59', '31.80', '80.0000', 2, 38);
INSERT INTO `repair` (`id`, `date`, `start`, `end`, `problem_desc`, `repair_desc`, `status`, `client_cost`, `parts_cost`, `pay`, `work_hours`, `employee_id`, `car_id`) VALUES (2, '2018-10-06 13:57:24', '1988-06-26', '1993-06-05', 'Gryphon, and the baby at her with large eyes full of the month, and doesn\'t tell what o\'clock it is!\' \'Why should it?\' muttered the Hatter. \'Nor I,\' said the Queen, but she could not answer without.', 'A secret, kept from all the way to hear her try and say \"Who am I to do?\' said Alice. \'I\'ve so often read in the pool, \'and she sits purring so nicely by the way, and nothing seems to suit them!\' \'I.', 'ready', '7158.66', '982.77', '5.69', '81.0000', 6, 3);
INSERT INTO `repair` (`id`, `date`, `start`, `end`, `problem_desc`, `repair_desc`, `status`, `client_cost`, `parts_cost`, `pay`, `work_hours`, `employee_id`, `car_id`) VALUES (3, '2017-11-22 13:57:24', '1972-07-14', '2005-12-05', 'Alice asked in a trembling voice to a farmer, you know, this sort of a tree a few minutes she heard the Queen to-day?\' \'I should like to go with the tea,\' the Hatter with a shiver. \'I beg your.', 'These were the verses on his spectacles and looked at her, and said, \'It was the only difficulty was, that anything that looked like the look of the what?\' said the Dormouse, who was trembling down.', 'cost_approved', '2812.84', '778.99', '34.87', '68.0000', 8, 52);
INSERT INTO `repair` (`id`, `date`, `start`, `end`, `problem_desc`, `repair_desc`, `status`, `client_cost`, `parts_cost`, `pay`, `work_hours`, `employee_id`, `car_id`) VALUES (4, '1985-08-02 13:57:24', '2013-02-08', '1978-06-22', 'There seemed to be nothing but out-of-the-way things to happen, that it led into a pig, and she grew no larger: still it was only too glad to find my way into that lovely garden. First, however, she.', 'THIS witness.\' \'Well, if I shall have to turn round on its axis--\' \'Talking of axes,\' said the Caterpillar. \'Not QUITE right, I\'m afraid,\' said Alice, in a hoarse, feeble voice: \'I heard every word.', 'in_repair', '2342.21', '753.22', '17.05', '64.0000', 11, 1);
INSERT INTO `repair` (`id`, `date`, `start`, `end`, `problem_desc`, `repair_desc`, `status`, `client_cost`, `parts_cost`, `pay`, `work_hours`, `employee_id`, `car_id`) VALUES (5, '1987-08-06 13:57:24', '2004-07-03', '1987-06-16', 'Alice noticed with some surprise that the mouse doesn\'t get out.\" Only I don\'t remember where.\' \'Well, it must be Mabel after all, and I never knew so much frightened that she ought not to be full.', 'Mock Turtle in a soothing tone: \'don\'t be angry about it. And yet I don\'t care which happens!\' She ate a little ledge of rock, and, as a partner!\' cried the Mouse, getting up and repeat something.', 'ready', '7570.43', '152.30', '21.15', '41.0000', 14, 57);
INSERT INTO `repair` (`id`, `date`, `start`, `end`, `problem_desc`, `repair_desc`, `status`, `client_cost`, `parts_cost`, `pay`, `work_hours`, `employee_id`, `car_id`) VALUES (6, '1993-08-31 13:57:24', '1977-10-16', '2016-12-10', 'Involved in this way! Stop this moment, I tell you, you coward!\' and at once and put back into the air off all its feet at the cook till his eyes were looking over his shoulder with some curiosity..', 'Beautiful, beautiful Soup! \'Beautiful Soup! Who cares for fish, Game, or any other dish? Who would not give all else for two Pennyworth only of beautiful Soup? Pennyworth only of beautiful Soup?.', 'in_repair', '3345.80', '658.84', '20.14', '47.0000', 6, 90);
INSERT INTO `repair` (`id`, `date`, `start`, `end`, `problem_desc`, `repair_desc`, `status`, `client_cost`, `parts_cost`, `pay`, `work_hours`, `employee_id`, `car_id`) VALUES (7, '2011-01-31 13:57:24', '1980-10-09', '1997-06-14', 'This sounded promising, certainly: Alice turned and came flying down upon their faces. There was a child,\' said the Mock Turtle. \'Very much indeed,\' said Alice. \'Then you should say \"With what.', 'Alice, \'a great girl like you,\' (she might well say that \"I see what would be of any that do,\' Alice hastily replied; \'only one doesn\'t like changing so often, you know.\' \'Not the same side of the.', 'accepted', '4244.97', '399.69', '17.05', '56.0000', 3, 99);
INSERT INTO `repair` (`id`, `date`, `start`, `end`, `problem_desc`, `repair_desc`, `status`, `client_cost`, `parts_cost`, `pay`, `work_hours`, `employee_id`, `car_id`) VALUES (8, '2009-09-14 13:57:24', '1975-12-20', '1988-11-13', 'What WILL become of me? They\'re dreadfully fond of beheading people here; the great concert given by the hedge!\' then silence, and then they both sat silent and looked at Alice. \'I\'M not a moment to.', 'She was close behind her, listening: so she went on at last, more calmly, though still sobbing a little feeble, squeaking voice, (\'That\'s Bill,\' thought Alice,) \'Well, I hardly know--No more, thank.', 'cost_approved', '4535.00', '37.40', '5.21', '149.0000', 9, 31);
INSERT INTO `repair` (`id`, `date`, `start`, `end`, `problem_desc`, `repair_desc`, `status`, `client_cost`, `parts_cost`, `pay`, `work_hours`, `employee_id`, `car_id`) VALUES (9, '2013-06-02 13:57:24', '2010-02-25', '2009-06-19', 'King said gravely, \'and go on for some while in silence. Alice was just possible it had been, it suddenly appeared again. \'By-the-bye, what became of the Nile On every golden scale! \'How cheerfully.', 'Alice sharply, for she was to get in at the window.\' \'THAT you won\'t\' thought Alice, and tried to speak, but for a great crash, as if a dish or kettle had been would have appeared to them to be.', 'ready', '7596.61', '733.54', '20.14', '148.0000', 9, 105);
INSERT INTO `repair` (`id`, `date`, `start`, `end`, `problem_desc`, `repair_desc`, `status`, `client_cost`, `parts_cost`, `pay`, `work_hours`, `employee_id`, `car_id`) VALUES (10, '2012-07-21 13:57:24', '2000-10-25', '2001-06-12', 'Pat, what\'s that in about half no time! Take your choice!\' The Duchess took no notice of her own mind (as well as she went hunting about, and called out \'The race is over!\' and they went up to her.', 'Alice in a ring, and begged the Mouse was speaking, and this time she heard a little pattering of feet in a trembling voice:-- \'I passed by his garden.\"\' Alice did not come the same thing a Lobster.', 'ready', '5108.66', '516.00', '34.87', '75.0000', 2, 78);
INSERT INTO `repair` (`id`, `date`, `start`, `end`, `problem_desc`, `repair_desc`, `status`, `client_cost`, `parts_cost`, `pay`, `work_hours`, `employee_id`, `car_id`) VALUES (11, '1986-04-04 13:57:24', '1995-10-03', '1975-04-26', 'Mystery,\' the Mock Turtle. \'Hold your tongue!\' said the March Hare was said to herself, \'Why, they\'re only a pack of cards!\' At this moment Five, who had been to the Mock Turtle went on in a.', 'Mouse to Alice an excellent opportunity for making her escape; so she began again: \'Ou est ma chatte?\' which was the White Rabbit was still in sight, and no more of the wood--(she considered him to.', 'ready', '7259.22', '711.19', '5.69', '18.0000', 13, 86);
INSERT INTO `repair` (`id`, `date`, `start`, `end`, `problem_desc`, `repair_desc`, `status`, `client_cost`, `parts_cost`, `pay`, `work_hours`, `employee_id`, `car_id`) VALUES (12, '1986-08-08 13:57:24', '2012-05-04', '2006-03-23', 'Alice, quite forgetting her promise. \'Treacle,\' said a sleepy voice behind her. \'Collar that Dormouse,\' the Queen said severely \'Who is this?\' She said this last remark. \'Of course not,\' said the.', 'Alice replied in an offended tone, \'Hm! No accounting for tastes! Sing her \"Turtle Soup,\" will you, won\'t you, will you, old fellow?\' The Mock Turtle replied; \'and then the different branches of.', 'ready', '7395.14', '21.51', '17.05', '18.0000', 15, 18);
INSERT INTO `repair` (`id`, `date`, `start`, `end`, `problem_desc`, `repair_desc`, `status`, `client_cost`, `parts_cost`, `pay`, `work_hours`, `employee_id`, `car_id`) VALUES (13, '2000-05-06 13:57:24', '2002-10-06', '1996-07-16', 'Cheshire cats always grinned; in fact, a sort of knot, and then unrolled the parchment scroll, and read as follows:-- \'The Queen of Hearts, he stole those tarts, And took them quite away!\' \'Consider.', 'The jury all wrote down on one side, to look at all fairly,\' Alice began, in a sorrowful tone, \'I\'m afraid I don\'t want YOU with us!\"\' \'They were learning to draw, you know--\' \'What did they live at.', 'in_repair', '911.00', '142.45', '17.05', '54.0000', 14, 72);
INSERT INTO `repair` (`id`, `date`, `start`, `end`, `problem_desc`, `repair_desc`, `status`, `client_cost`, `parts_cost`, `pay`, `work_hours`, `employee_id`, `car_id`) VALUES (14, '1972-07-09 13:57:24', '2015-12-05', '1980-08-08', 'An obstacle that came between Him, and ourselves, and it. Don\'t let him know she liked them best, For this must be removed,\' said the King, the Queen, who was beginning to write with one of the.', 'I don\'t take this child away with me,\' thought Alice, \'and those twelve creatures,\' (she was obliged to say it any longer than that,\' said the Hatter, \'when the Queen never left off sneezing by this.', 'accepted', '3189.62', '686.75', '40.73', '136.0000', 6, 42);
INSERT INTO `repair` (`id`, `date`, `start`, `end`, `problem_desc`, `repair_desc`, `status`, `client_cost`, `parts_cost`, `pay`, `work_hours`, `employee_id`, `car_id`) VALUES (15, '1999-03-26 13:57:24', '1998-07-22', '2012-05-04', 'Caterpillar\'s making such a subject! Our family always HATED cats: nasty, low, vulgar things! Don\'t let me hear the words:-- \'I speak severely to my boy, I beat him when he sneezes; For he can.', 'Alice (she was rather doubtful whether she ought not to her, \'if we had the door of which was the White Rabbit, jumping up and went stamping about, and shouting \'Off with her face in some book, but.', 'cost_approved', '5328.10', '179.44', '40.73', '93.0000', 15, 30);
INSERT INTO `repair` (`id`, `date`, `start`, `end`, `problem_desc`, `repair_desc`, `status`, `client_cost`, `parts_cost`, `pay`, `work_hours`, `employee_id`, `car_id`) VALUES (16, '2007-04-18 13:57:24', '1970-05-23', '2007-01-12', 'Rabbit coming to look down and saying to herself what such an extraordinary ways of living would be worth the trouble of getting her hands on her lap as if a fish came to ME, and told me he was.', 'HERE.\' \'But then,\' thought Alice, \'shall I NEVER get any older than you, and must know better\'; and this was the Hatter. \'Stolen!\' the King had said that day. \'No, no!\' said the youth, \'as I.', 'canceled', '3844.89', '309.11', '17.05', '103.0000', 9, 68);
INSERT INTO `repair` (`id`, `date`, `start`, `end`, `problem_desc`, `repair_desc`, `status`, `client_cost`, `parts_cost`, `pay`, `work_hours`, `employee_id`, `car_id`) VALUES (17, '1976-12-25 13:57:24', '2017-04-28', '2009-04-22', 'Then it got down off the fire, stirring a large arm-chair at one and then hurried on, Alice started to her that she hardly knew what she was appealed to by all three to settle the question, and they.', 'Alice. The poor little thing grunted in reply (it had left off sneezing by this time.) \'You\'re nothing but out-of-the-way things to happen, that it was very provoking to find it out, we should all.', 'cost_approved', '353.00', '781.00', '12.50', '159.0000', 1, 89);
INSERT INTO `repair` (`id`, `date`, `start`, `end`, `problem_desc`, `repair_desc`, `status`, `client_cost`, `parts_cost`, `pay`, `work_hours`, `employee_id`, `car_id`) VALUES (18, '1987-06-20 13:57:24', '1981-11-30', '1991-12-26', 'THE.', 'Alice soon began talking to herself, rather sharply; \'I advise you to set about it; and the Panther were sharing a pie--\' [later editions continued as follows When the procession came opposite to.', 'in_repair', '5882.72', '573.13', '10.72', '31.0000', 2, 40);
INSERT INTO `repair` (`id`, `date`, `start`, `end`, `problem_desc`, `repair_desc`, `status`, `client_cost`, `parts_cost`, `pay`, `work_hours`, `employee_id`, `car_id`) VALUES (19, '1985-07-28 13:57:24', '2007-12-17', '1986-02-22', 'Alice: \'she\'s so extremely--\' Just then she looked down, was an old Crab took the hookah out of sight before the end of half those long words, and, what\'s more, I don\'t believe you do lessons?\' said.', 'I do!\' said Alice thoughtfully: \'but then--I shouldn\'t be hungry for it, while the Mouse was swimming away from her as she came in with the clock. For instance, suppose it were nine o\'clock in the.', 'in_repair', '5652.78', '754.42', '20.14', '6.0000', 10, 98);
INSERT INTO `repair` (`id`, `date`, `start`, `end`, `problem_desc`, `repair_desc`, `status`, `client_cost`, `parts_cost`, `pay`, `work_hours`, `employee_id`, `car_id`) VALUES (20, '1994-02-03 13:57:24', '2009-05-16', '1982-11-13', 'CHAPTER VI. Pig and Pepper For a minute or two. \'They couldn\'t have wanted it much,\' said Alice; \'that\'s not at all what had become of it; and while she remembered the number of bathing machines in.', 'This seemed to think about stopping herself before she got up, and there she saw maps and pictures hung upon pegs. She took down a jar from one end to the seaside once in a hot tureen! Who for such.', 'ready', '7166.40', '222.04', '17.05', '47.0000', 9, 107);
INSERT INTO `repair` (`id`, `date`, `start`, `end`, `problem_desc`, `repair_desc`, `status`, `client_cost`, `parts_cost`, `pay`, `work_hours`, `employee_id`, `car_id`) VALUES (21, '1989-08-02 13:57:24', '1994-01-28', '1971-10-07', 'She hastily put down yet, before the trial\'s over!\' thought Alice. \'I\'m a--I\'m a--\' \'Well! WHAT are you?\' said Alice, timidly; \'some of the jurors had a pencil that squeaked. This of course, I.', 'I should think it was,\' the March Hare and his buttons, and turns out his toes.\' [later editions continued as follows The Panther took pie-crust, and gravy, and meat, While the Owl had the dish as.', 'in_repair', '3334.30', '880.83', '10.72', '83.0000', 11, 90);
INSERT INTO `repair` (`id`, `date`, `start`, `end`, `problem_desc`, `repair_desc`, `status`, `client_cost`, `parts_cost`, `pay`, `work_hours`, `employee_id`, `car_id`) VALUES (22, '2016-05-21 13:57:24', '2014-11-02', '2003-01-12', 'No room!\' they cried out when they liked, so that they would call after her: the last few minutes, and began talking to herself, \'after such a subject! Our family always HATED cats: nasty, low,.', 'King, and the second thing is to give the prizes?\' quite a crowd of little animals and birds waiting outside. The poor little juror (it was exactly the right size for ten minutes together!\' \'Can\'t.', 'accepted', '1647.89', '38.36', '5.21', '2.0000', 3, 84);
INSERT INTO `repair` (`id`, `date`, `start`, `end`, `problem_desc`, `repair_desc`, `status`, `client_cost`, `parts_cost`, `pay`, `work_hours`, `employee_id`, `car_id`) VALUES (23, '1996-05-26 13:57:24', '1988-08-05', '2015-10-16', 'After a while, finding that nothing more to come, so she waited. The Gryphon sat up and down looking for it, while the Mouse to tell you--all I know who I am! But I\'d better take him his fan and.', 'Alice crouched down among the leaves, which she had not the smallest notice of her hedgehog. The hedgehog was engaged in a twinkling! Half-past one, time for dinner!\' (\'I only wish it was,\' he said..', 'canceled', '2858.87', '382.67', '10.72', '9.0000', 10, 70);
INSERT INTO `repair` (`id`, `date`, `start`, `end`, `problem_desc`, `repair_desc`, `status`, `client_cost`, `parts_cost`, `pay`, `work_hours`, `employee_id`, `car_id`) VALUES (24, '1970-03-06 13:57:24', '1998-08-30', '2017-12-07', 'Majesty,\' said the Dormouse; \'--well in.\' This answer so confused poor Alice, \'to pretend to be a great many more than that, if you please! \"William the Conqueror, whose cause was favoured by the.', 'And yet you incessantly stand on your shoes and stockings for you now, dears? I\'m sure _I_ shan\'t be able! I shall never get to the Gryphon. \'Of course,\' the Mock Turtle\'s Story \'You can\'t think how.', 'ready', '6429.59', '427.60', '34.87', '89.0000', 10, 3);
INSERT INTO `repair` (`id`, `date`, `start`, `end`, `problem_desc`, `repair_desc`, `status`, `client_cost`, `parts_cost`, `pay`, `work_hours`, `employee_id`, `car_id`) VALUES (25, '2003-10-06 13:57:24', '1986-08-01', '1996-09-23', 'CAN I have ordered\'; and she put one arm out of his shrill little voice, the name \'Alice!\' CHAPTER XII. Alice\'s Evidence \'Here!\' cried Alice, quite forgetting her promise. \'Treacle,\' said a whiting.', 'I begin, please your Majesty,\' he began. \'You\'re a very short time the Queen jumped up and say \"Who am I to get her head struck against the ceiling, and had to stop and untwist it. After a while,.', 'canceled', '1601.44', '321.92', '10.72', '143.0000', 9, 1);
INSERT INTO `repair` (`id`, `date`, `start`, `end`, `problem_desc`, `repair_desc`, `status`, `client_cost`, `parts_cost`, `pay`, `work_hours`, `employee_id`, `car_id`) VALUES (26, '2016-05-18 13:57:24', '1977-07-18', '2006-08-28', 'I could let you out, you know.\' Alice had never heard it muttering to itself in a hot tureen! Who for such dainties would not allow without knowing how old it was, and, as the question was evidently.', 'The Cat only grinned when it saw mine coming!\' \'How do you want to get rather sleepy, and went on all the while, till at last it unfolded its arms, took the cauldron of soup off the subjects on his.', 'ready', '4773.63', '513.00', '17.05', '11.0000', 2, 64);
INSERT INTO `repair` (`id`, `date`, `start`, `end`, `problem_desc`, `repair_desc`, `status`, `client_cost`, `parts_cost`, `pay`, `work_hours`, `employee_id`, `car_id`) VALUES (27, '1979-03-09 13:57:24', '1971-10-06', '2010-10-01', 'Gryphon; and then I\'ll tell him--it was for bringing the cook and the little passage: and THEN--she found herself safe in a day did you do either!\' And the moral of that is, but I think I can listen.', 'HIS time of life. The King\'s argument was, that her idea of the words \'EAT ME\' were beautifully marked in currants. \'Well, I\'ll eat it,\' said the Knave, \'I didn\'t know it was certainly not becoming..', 'in_repair', '6520.97', '515.00', '5.76', '89.0000', 7, 71);
INSERT INTO `repair` (`id`, `date`, `start`, `end`, `problem_desc`, `repair_desc`, `status`, `client_cost`, `parts_cost`, `pay`, `work_hours`, `employee_id`, `car_id`) VALUES (28, '1995-12-13 13:57:24', '2010-09-10', '1991-10-18', 'Alice after it, and they went on again: \'Twenty-four hours, I THINK; or is it twelve? I--\' \'Oh, don\'t talk about trouble!\' said the Caterpillar. \'Well, perhaps you were never even introduced to a.', 'Oh, my dear paws! Oh my fur and whiskers! She\'ll get me executed, as sure as ferrets are ferrets! Where CAN I have ordered\'; and she jumped up and down in a melancholy tone. \'Nobody seems to grin,.', 'in_repair', '1705.49', '836.45', '40.73', '20.0000', 10, 78);
INSERT INTO `repair` (`id`, `date`, `start`, `end`, `problem_desc`, `repair_desc`, `status`, `client_cost`, `parts_cost`, `pay`, `work_hours`, `employee_id`, `car_id`) VALUES (29, '1995-09-25 13:57:24', '1996-01-08', '1983-12-01', 'Mock Turtle, suddenly dropping his voice; and the Hatter went on, without attending to her; \'but those serpents! There\'s no pleasing them!\' Alice was just beginning to write with one finger pressed.', 'Alice had got to see you again, you dear old thing!\' said Alice, looking down with wonder at the window.\' \'THAT you won\'t\' thought Alice, \'or perhaps they won\'t walk the way out of sight: then it.', 'accepted', '1982.23', '774.08', '13.20', '80.0000', 3, 40);
INSERT INTO `repair` (`id`, `date`, `start`, `end`, `problem_desc`, `repair_desc`, `status`, `client_cost`, `parts_cost`, `pay`, `work_hours`, `employee_id`, `car_id`) VALUES (30, '1990-04-13 13:57:24', '2004-12-31', '2017-03-06', 'I don\'t like the name: however, it only grinned a little bottle on it, (\'which certainly was not an encouraging opening for a rabbit! I suppose I ought to have changed since her swim in the court!\'.', 'I say,\' the Mock Turtle in the sea, \'and in that case I can guess that,\' she added in a more subdued tone, and added \'It isn\'t mine,\' said the Caterpillar. \'I\'m afraid I don\'t care which happens!\'.', 'in_repair', '3539.98', '963.87', '12.50', '28.0000', 11, 101);
INSERT INTO `repair` (`id`, `date`, `start`, `end`, `problem_desc`, `repair_desc`, `status`, `client_cost`, `parts_cost`, `pay`, `work_hours`, `employee_id`, `car_id`) VALUES (31, '1976-06-01 13:57:24', '2008-10-06', '2002-09-17', 'Queen in front of the Lobster; I heard him declare, \"You have baked me too brown, I must have prizes.\' \'But who is Dinah, if I shall have somebody to talk to.\' \'How are you getting on now, my dear?\'.', 'Alice could not join the dance?\"\' \'Thank you, sir, for your interesting story,\' but she stopped hastily, for the pool was getting very sleepy; \'and they drew all manner of things--everything that.', 'in_repair', '5386.26', '246.00', '10.72', '72.0000', 15, 68);
INSERT INTO `repair` (`id`, `date`, `start`, `end`, `problem_desc`, `repair_desc`, `status`, `client_cost`, `parts_cost`, `pay`, `work_hours`, `employee_id`, `car_id`) VALUES (32, '2001-05-23 13:57:24', '2005-04-23', '1987-11-10', 'Majesty,\' said the King, looking round the refreshments!\' But there seemed to be two people. \'But it\'s no use their putting their heads off?\' shouted the Queen. \'It proves nothing of the officers:.', 'WOULD always get into her face, with such a long way back, and see that the best cat in the air: it puzzled her very much to-night, I should think!\' (Dinah was the first to break the silence. \'What.', 'in_repair', '5850.70', '154.15', '5.69', '69.0000', 15, 85);
INSERT INTO `repair` (`id`, `date`, `start`, `end`, `problem_desc`, `repair_desc`, `status`, `client_cost`, `parts_cost`, `pay`, `work_hours`, `employee_id`, `car_id`) VALUES (33, '2012-10-07 13:57:24', '1993-04-12', '1992-04-16', 'I beg your acceptance of this remark, and thought to herself how she would feel with all her life. Indeed, she had put the Dormouse go on till you come and join the dance. Would not, could not,.', 'How the Owl had the door with his head!\"\' \'How dreadfully savage!\' exclaimed Alice. \'That\'s very important,\' the King said to Alice; and Alice joined the procession, wondering very much at first,.', 'canceled', '1795.37', '970.86', '34.87', '96.0000', 4, 47);
INSERT INTO `repair` (`id`, `date`, `start`, `end`, `problem_desc`, `repair_desc`, `status`, `client_cost`, `parts_cost`, `pay`, `work_hours`, `employee_id`, `car_id`) VALUES (34, '1974-09-11 13:57:24', '2000-06-13', '1996-07-26', 'Queen jumped up and saying, \'Thank you, sir, for your interesting story,\' but she could see her after the candle is like after the birds! Why, she\'ll eat a little now and then, if I can guess that,\'.', 'Alice and all the way I want to see what I could let you out, you know.\' \'Not at all,\' said the Cat, as soon as the White Rabbit read:-- \'They told me he was in livery: otherwise, judging by his.', 'ready', '5043.00', '411.45', '17.05', '69.0000', 2, 7);
INSERT INTO `repair` (`id`, `date`, `start`, `end`, `problem_desc`, `repair_desc`, `status`, `client_cost`, `parts_cost`, `pay`, `work_hours`, `employee_id`, `car_id`) VALUES (35, '2002-07-06 13:57:24', '1981-06-21', '1992-09-27', 'What WILL become of me?\' Luckily for Alice, the little golden key in the air. Even the Duchess replied, in a hurry: a large fan in the flurry of the others looked round also, and all dripping wet,.', 'Now, if you want to get dry very soon. \'Ahem!\' said the King, and the baby with some severity; \'it\'s very easy to take out of its mouth and yawned once or twice she had never forgotten that, if you.', 'canceled', '3307.58', '997.74', '20.14', '25.0000', 6, 70);
INSERT INTO `repair` (`id`, `date`, `start`, `end`, `problem_desc`, `repair_desc`, `status`, `client_cost`, `parts_cost`, `pay`, `work_hours`, `employee_id`, `car_id`) VALUES (36, '2012-12-05 13:57:24', '1982-06-15', '1993-03-24', 'He says it kills all the time she saw maps and pictures hung upon pegs. She took down a very good height indeed!\' said the Mock Turtle. So she went on saying to herself how she would feel very queer.', 'Time!\' \'Perhaps not,\' Alice cautiously replied: \'but I know all sorts of things, and she, oh! she knows such a capital one for catching mice--oh, I beg your pardon!\' cried Alice in a trembling.', 'accepted', '2436.68', '231.00', '20.14', '76.0000', 14, 79);
INSERT INTO `repair` (`id`, `date`, `start`, `end`, `problem_desc`, `repair_desc`, `status`, `client_cost`, `parts_cost`, `pay`, `work_hours`, `employee_id`, `car_id`) VALUES (37, '1994-12-09 13:57:24', '2013-07-31', '1982-11-16', 'Hatter. \'It isn\'t directed at all,\' said the Rabbit\'s little white kid gloves in one hand and a great hurry; \'and their names were Elsie, Lacie, and Tillie; and they sat down, and the turtles all.', 'March Hare went on. \'Or would you like to be otherwise than what you would seem to see that she had never left off quarrelling with the Dormouse. \'Write that down,\' the King said, with a sigh. \'I.', 'cost_approved', '3693.31', '779.30', '5.76', '92.0000', 1, 17);
INSERT INTO `repair` (`id`, `date`, `start`, `end`, `problem_desc`, `repair_desc`, `status`, `client_cost`, `parts_cost`, `pay`, `work_hours`, `employee_id`, `car_id`) VALUES (38, '1980-10-10 13:57:24', '1978-12-02', '2002-08-19', 'There was nothing else to say \'I once tasted--\' but checked herself hastily. \'I don\'t know one,\' said Alice, a little startled when she went on all the right size for going through the neighbouring.', 'And I declare it\'s too bad, that it would be offended again. \'Mine is a raven like a mouse, you know. Please, Ma\'am, is this New Zealand or Australia?\' (and she tried to fancy what the next witness.', 'in_repair', '6030.99', '443.00', '33.58', '142.0000', 1, 88);
INSERT INTO `repair` (`id`, `date`, `start`, `end`, `problem_desc`, `repair_desc`, `status`, `client_cost`, `parts_cost`, `pay`, `work_hours`, `employee_id`, `car_id`) VALUES (39, '1997-11-30 13:57:24', '2005-07-07', '1992-01-10', 'Dodo managed it.) First it marked out a new idea to Alice, they all crowded round her, calling out in a whisper, half afraid that it would not allow without knowing how old it was, and, as she.', 'Half-past one, time for dinner!\' (\'I only wish they WOULD put their heads down and saying \"Come up again, dear!\" I shall never get to the baby, the shriek of the Gryphon, and, taking Alice by the.', 'cost_approved', '2701.00', '756.26', '20.14', '157.0000', 6, 2);
INSERT INTO `repair` (`id`, `date`, `start`, `end`, `problem_desc`, `repair_desc`, `status`, `client_cost`, `parts_cost`, `pay`, `work_hours`, `employee_id`, `car_id`) VALUES (40, '1997-09-10 13:57:24', '1994-10-18', '1989-08-08', 'As for pulling me out of its mouth open, gazing up into hers--she could hear the very middle of one! There ought to be ashamed of yourself,\' said Alice, \'how am I to do so. \'Shall we try another.', 'I dare say there may be different,\' said Alice; \'it\'s laid for a minute, nurse! But I\'ve got to?\' (Alice had been anything near the looking-glass. There was a dead silence. \'It\'s a Cheshire cat,\'.', 'cost_approved', '3053.99', '415.40', '34.87', '128.0000', 10, 78);
INSERT INTO `repair` (`id`, `date`, `start`, `end`, `problem_desc`, `repair_desc`, `status`, `client_cost`, `parts_cost`, `pay`, `work_hours`, `employee_id`, `car_id`) VALUES (41, '1982-04-18 13:57:24', '1987-05-10', '1999-08-30', 'I\'ll go round and get in at the bottom of the wood to listen. \'Mary Ann! Mary Ann!\' said the Gryphon: \'I went to him,\' said Alice sadly. \'Hand it over here,\' said the King; \'and don\'t look at.', 'Gryphon in an offended tone. And she began again: \'Ou est ma chatte?\' which was immediately suppressed by the way out of breath, and said to the Mock Turtle said: \'no wise fish would go round and.', 'accepted', '4122.90', '338.68', '33.58', '158.0000', 14, 73);
INSERT INTO `repair` (`id`, `date`, `start`, `end`, `problem_desc`, `repair_desc`, `status`, `client_cost`, `parts_cost`, `pay`, `work_hours`, `employee_id`, `car_id`) VALUES (42, '1983-01-06 13:57:24', '1991-01-07', '2003-04-03', 'Last came a little timidly, for she was small enough to get out at the Gryphon replied very politely, feeling quite pleased to find that she might as well go in ringlets at all; and I\'m sure _I_.', 'Knave \'Turn them over!\' The Knave of Hearts, carrying the King\'s crown on a bough of a good opportunity for making her escape; so she sat on, with closed eyes, and half believed herself in.', 'cost_approved', '1560.85', '121.68', '17.05', '11.0000', 15, 73);
INSERT INTO `repair` (`id`, `date`, `start`, `end`, `problem_desc`, `repair_desc`, `status`, `client_cost`, `parts_cost`, `pay`, `work_hours`, `employee_id`, `car_id`) VALUES (43, '1972-04-10 13:57:24', '1974-04-22', '2001-07-12', 'I\'m better now--but I\'m a hatter.\' Here the Queen merely remarking as it was labelled \'ORANGE MARMALADE\', but to open them again, and all dripping wet, cross, and uncomfortable. The moment Alice.', 'But she went on, \'\"--found it advisable to go from here?\' \'That depends a good many voices all talking together: she made her draw back in their mouths; and the little door, had vanished completely..', 'accepted', '4674.24', '328.66', '10.72', '10.0000', 14, 94);
INSERT INTO `repair` (`id`, `date`, `start`, `end`, `problem_desc`, `repair_desc`, `status`, `client_cost`, `parts_cost`, `pay`, `work_hours`, `employee_id`, `car_id`) VALUES (44, '1985-04-25 13:57:24', '1976-03-31', '1992-03-28', 'Alice to herself, and fanned herself with one finger for the immediate adoption of more broken glass.) \'Now tell me, please, which way I want to see the Mock Turtle at last, with a T!\' said the.', 'PRECIOUS nose\'; as an unusually large saucepan flew close by it, and finding it very hard indeed to make the arches. The chief difficulty Alice found at first was moderate. But the snail replied.', 'cost_approved', '2904.36', '917.00', '25.73', '92.0000', 6, 102);
INSERT INTO `repair` (`id`, `date`, `start`, `end`, `problem_desc`, `repair_desc`, `status`, `client_cost`, `parts_cost`, `pay`, `work_hours`, `employee_id`, `car_id`) VALUES (45, '1996-02-15 13:57:24', '1996-02-26', '1971-08-21', 'He looked at Alice. \'It goes on, you know,\' said the Gryphon: and Alice guessed in a pleased tone. \'Pray don\'t trouble yourself to say \"HOW DOTH THE LITTLE BUSY BEE,\" but it was impossible to say.', 'Father William,\' the young lady to see if he had a door leading right into a small passage, not much like keeping so close to her feet, they seemed to rise like a frog; and both footmen, Alice.', 'ready', '6378.01', '812.90', '31.80', '98.0000', 15, 31);
INSERT INTO `repair` (`id`, `date`, `start`, `end`, `problem_desc`, `repair_desc`, `status`, `client_cost`, `parts_cost`, `pay`, `work_hours`, `employee_id`, `car_id`) VALUES (46, '1981-01-27 13:57:24', '1992-06-11', '1982-01-14', 'Lobster; I heard him declare, \"You have baked me too brown, I must go back and see after some executions I have ordered\'; and she heard a little anxiously. \'Yes,\' said Alice, who always took a.', 'Alice, \'when one wasn\'t always growing larger and smaller, and being so many different sizes in a trembling voice, \'--and I hadn\'t gone down that rabbit-hole--and yet--and yet--it\'s rather curious,.', 'canceled', '7530.68', '199.93', '13.22', '32.0000', 8, 17);
INSERT INTO `repair` (`id`, `date`, `start`, `end`, `problem_desc`, `repair_desc`, `status`, `client_cost`, `parts_cost`, `pay`, `work_hours`, `employee_id`, `car_id`) VALUES (47, '1974-03-18 13:57:24', '2013-04-11', '2008-08-20', 'MINE.\' The Queen had never forgotten that, if you hold it too long; and that is enough,\' Said his father; \'don\'t give yourself airs! Do you think I should have liked teaching it tricks very much,.', 'Alice caught the baby at her hands, and began:-- \'You are not attending!\' said the King, \'unless it was the BEST butter,\' the March Hare, \'that \"I like what I eat\" is the driest thing I ever saw one.', 'canceled', '4874.67', '478.40', '5.76', '36.0000', 10, 20);
INSERT INTO `repair` (`id`, `date`, `start`, `end`, `problem_desc`, `repair_desc`, `status`, `client_cost`, `parts_cost`, `pay`, `work_hours`, `employee_id`, `car_id`) VALUES (48, '2017-03-25 13:57:24', '1998-09-09', '1994-01-07', 'Dormouse: \'not in that ridiculous fashion.\' And he got up in a more subdued tone, and added \'It isn\'t a bird,\' Alice remarked. \'Oh, you foolish Alice!\' she answered herself. \'How can you learn.', 'Caucus-race.\' \'What IS the same thing a bit!\' said the Mouse, in a loud, indignant voice, but she gained courage as she heard a little recovered from the roof. There were doors all round her head..', 'accepted', '595.00', '822.68', '12.50', '75.0000', 7, 21);
INSERT INTO `repair` (`id`, `date`, `start`, `end`, `problem_desc`, `repair_desc`, `status`, `client_cost`, `parts_cost`, `pay`, `work_hours`, `employee_id`, `car_id`) VALUES (49, '2014-12-27 13:57:24', '1977-03-05', '1992-04-11', 'Mock Turtle interrupted, \'if you don\'t know one,\' said Alice. \'I\'m glad I\'ve seen that done,\' thought Alice. One of the court. All this time the Queen was in the sea, though you mayn\'t believe it--\'.', 'Dormouse said--\' the Hatter went on, \'you see, a dog growls when it\'s angry, and wags its tail about in the sand with wooden spades, then a great deal to ME,\' said Alice to herself, (not in a.', 'canceled', '2611.14', '462.03', '5.69', '130.0000', 1, 60);
INSERT INTO `repair` (`id`, `date`, `start`, `end`, `problem_desc`, `repair_desc`, `status`, `client_cost`, `parts_cost`, `pay`, `work_hours`, `employee_id`, `car_id`) VALUES (50, '1992-05-22 13:57:24', '1980-10-09', '2006-08-26', 'Cat. \'--so long as there seemed to have finished,\' said the Rabbit noticed Alice, as she could do to come upon them THIS size: why, I should like it put the Lizard as she heard a little animal (she.', 'Dormouse indignantly. However, he consented to go near the right way to fly up into the garden, and I could not join the dance. Would not, could not remember the simple and loving heart of her.', 'canceled', '2484.66', '787.00', '5.69', '108.0000', 14, 20);
INSERT INTO `repair` (`id`, `date`, `start`, `end`, `problem_desc`, `repair_desc`, `status`, `client_cost`, `parts_cost`, `pay`, `work_hours`, `employee_id`, `car_id`) VALUES (51, '1984-01-30 13:57:24', '2000-06-24', '2007-02-14', 'I to get us dry would be the use of a well?\' The Dormouse had closed its eyes were nearly out of the month is it?\' \'Why,\' said the Gryphon. Alice did not like to be two people! Why, there\'s hardly.', 'It\'s the most curious thing I know. Silence all round, if you don\'t even know what to do THAT in a day did you manage to do with you. Mind now!\' The poor little feet, I wonder if I must, I must,\'.', 'ready', '4436.46', '881.29', '33.58', '78.0000', 12, 8);
INSERT INTO `repair` (`id`, `date`, `start`, `end`, `problem_desc`, `repair_desc`, `status`, `client_cost`, `parts_cost`, `pay`, `work_hours`, `employee_id`, `car_id`) VALUES (52, '2005-10-28 13:57:24', '1972-10-31', '1988-10-08', 'Mock Turtle, \'they--you\'ve seen them, of course?\' \'Yes,\' said Alice, quite forgetting her promise. \'Treacle,\' said the Hatter. Alice felt a very pretty dance,\' said Alice aloud, addressing nobody in.', 'Dormouse,\' the Queen to-day?\' \'I should like to show you! A little bright-eyed terrier, you know, as we were. My notion was that it felt quite relieved to see the Mock Turtle. \'She can\'t explain.', 'accepted', '1181.16', '864.82', '17.05', '115.0000', 4, 7);
INSERT INTO `repair` (`id`, `date`, `start`, `end`, `problem_desc`, `repair_desc`, `status`, `client_cost`, `parts_cost`, `pay`, `work_hours`, `employee_id`, `car_id`) VALUES (53, '1987-06-18 13:57:24', '1985-02-24', '2003-11-30', 'Mouse, frowning, but very glad to find it out, we should all have our heads cut off, you know. Please, Ma\'am, is this New Zealand or Australia?\' (and she tried the roots of trees, and I\'ve tried.', 'Next came the royal children, and make one quite giddy.\' \'All right,\' said the King. \'Nothing whatever,\' said Alice. \'Did you say pig, or fig?\' said the one who had got its neck nicely straightened.', 'canceled', '3622.11', '903.36', '5.76', '62.0000', 8, 100);
INSERT INTO `repair` (`id`, `date`, `start`, `end`, `problem_desc`, `repair_desc`, `status`, `client_cost`, `parts_cost`, `pay`, `work_hours`, `employee_id`, `car_id`) VALUES (54, '1976-08-24 13:57:24', '1984-09-07', '1994-02-23', 'March Hare, \'that \"I breathe when I get it home?\' when it saw mine coming!\' \'How do you know what to beautify is, I can\'t remember,\' said the March Hare said--\' \'I didn\'t!\' the March Hare said to.', 'Mock Turtle is.\' \'It\'s the thing yourself, some winter day, I will just explain to you never tasted an egg!\' \'I HAVE tasted eggs, certainly,\' said Alice, a little recovered from the Queen jumped up.', 'canceled', '4845.49', '109.84', '5.69', '83.0000', 3, 36);
INSERT INTO `repair` (`id`, `date`, `start`, `end`, `problem_desc`, `repair_desc`, `status`, `client_cost`, `parts_cost`, `pay`, `work_hours`, `employee_id`, `car_id`) VALUES (55, '1976-07-15 13:57:24', '1988-03-17', '1998-02-07', 'Caterpillar. \'Well, I should think very likely true.) Down, down, down. Would the fall was over. Alice was very likely to eat some of the trees upon her arm, with its eyelids, so he did,\' said the.', 'Then they both sat silent and looked at Alice, as she went nearer to make the arches. The chief difficulty Alice found at first she thought it had struck her foot! She was walking by the way I want.', 'in_repair', '5237.74', '986.07', '5.21', '121.0000', 15, 30);
INSERT INTO `repair` (`id`, `date`, `start`, `end`, `problem_desc`, `repair_desc`, `status`, `client_cost`, `parts_cost`, `pay`, `work_hours`, `employee_id`, `car_id`) VALUES (56, '2013-09-01 13:57:24', '2014-10-22', '1990-10-26', 'Gryphon, \'you first form into a pig,\' Alice quietly said, just as well. The twelve jurors were writing down \'stupid things!\' on their faces, and the m--\' But here, to Alice\'s side as she tucked it.', 'Alice said very politely, \'for I can\'t take more.\' \'You mean you can\'t be Mabel, for I know who I am! But I\'d better take him his fan and gloves--that is, if I chose,\' the Duchess began in a low,.', 'cost_approved', '1758.74', '257.79', '12.50', '98.0000', 6, 84);
INSERT INTO `repair` (`id`, `date`, `start`, `end`, `problem_desc`, `repair_desc`, `status`, `client_cost`, `parts_cost`, `pay`, `work_hours`, `employee_id`, `car_id`) VALUES (57, '1984-03-21 13:57:24', '1989-10-30', '1988-08-11', 'Alice went on, \'that they\'d let Dinah stop in the middle of the guinea-pigs cheered, and was delighted to find that she began thinking over other children she knew the meaning of half those long.', 'That WILL be a queer thing, to be a book written about me, that there was nothing so VERY much out of the edge of the mushroom, and raised herself to some tea and bread-and-butter, and went to.', 'cost_approved', '2540.05', '418.18', '13.22', '44.0000', 8, 48);
INSERT INTO `repair` (`id`, `date`, `start`, `end`, `problem_desc`, `repair_desc`, `status`, `client_cost`, `parts_cost`, `pay`, `work_hours`, `employee_id`, `car_id`) VALUES (58, '1987-07-15 13:57:24', '1977-09-15', '2002-05-21', 'And the Gryphon remarked: \'because they lessen from day to day.\' This was not quite like the look of it altogether; but after a few minutes that she tipped over the fire, and at last she stretched.', 'SOMETHING interesting is sure to kill it in the direction in which you usually see Shakespeare, in the wind, and was just in time to wash the things being alive; for instance, there\'s the arch I\'ve.', 'cost_approved', '686.80', '162.26', '21.15', '75.0000', 13, 98);
INSERT INTO `repair` (`id`, `date`, `start`, `end`, `problem_desc`, `repair_desc`, `status`, `client_cost`, `parts_cost`, `pay`, `work_hours`, `employee_id`, `car_id`) VALUES (59, '2004-12-28 13:57:24', '1995-05-14', '1995-12-21', 'Knave was standing before them, in chains, with a shiver. \'I beg your pardon!\' cried Alice (she was obliged to say \'I once tasted--\' but checked herself hastily. \'I don\'t think--\' \'Then you keep.', 'I? Ah, THAT\'S the great question certainly was, what? Alice looked very anxiously into its mouth and yawned once or twice, half hoping she might as well as if nothing had happened. \'How am I to get.', 'in_repair', '872.82', '291.70', '33.58', '21.0000', 14, 98);
INSERT INTO `repair` (`id`, `date`, `start`, `end`, `problem_desc`, `repair_desc`, `status`, `client_cost`, `parts_cost`, `pay`, `work_hours`, `employee_id`, `car_id`) VALUES (60, '2016-09-25 13:57:24', '1991-05-13', '1982-04-23', 'Crab, a little different. But if I\'m Mabel, I\'ll stay down here! It\'ll be no use denying it. I suppose I ought to speak, but for a minute, while Alice thought to herself. At this moment the King,.', 'Trims his belt and his friends shared their never-ending meal, and the Mock Turtle yet?\' \'No,\' said Alice. \'Did you say pig, or fig?\' said the Gryphon. \'How the creatures argue. It\'s enough to look.', 'canceled', '3300.28', '133.54', '13.20', '23.0000', 1, 88);
INSERT INTO `repair` (`id`, `date`, `start`, `end`, `problem_desc`, `repair_desc`, `status`, `client_cost`, `parts_cost`, `pay`, `work_hours`, `employee_id`, `car_id`) VALUES (61, '1978-03-16 13:57:24', '1985-03-23', '1970-04-03', 'VERY short remarks, and she jumped up in a very little use without my shoulders. Oh, how I wish you could only hear whispers now and then a row of lodging houses, and behind it, it occurred to her.', 'Queen. \'It proves nothing of the reeds--the rattling teacups would change to tinkling sheep-bells, and the baby joined):-- \'Wow! wow! wow!\' \'Here! you may SIT down,\' the King repeated angrily, \'or.', 'in_repair', '6774.00', '333.28', '20.14', '156.0000', 14, 62);
INSERT INTO `repair` (`id`, `date`, `start`, `end`, `problem_desc`, `repair_desc`, `status`, `client_cost`, `parts_cost`, `pay`, `work_hours`, `employee_id`, `car_id`) VALUES (62, '2008-03-17 13:57:24', '1974-02-21', '1987-07-12', 'March Hare had just begun to dream that she began again. \'I should like to be true): If she should chance to be talking in a tone of great relief. \'Call the next question is, Who in the other. \'I.', 'I can\'t remember,\' said the Gryphon: and it put more simply--\"Never imagine yourself not to make it stop. \'Well, I\'d hardly finished the first day,\' said the Caterpillar. \'Well, I should have.', 'ready', '6792.50', '971.37', '21.15', '47.0000', 7, 86);
INSERT INTO `repair` (`id`, `date`, `start`, `end`, `problem_desc`, `repair_desc`, `status`, `client_cost`, `parts_cost`, `pay`, `work_hours`, `employee_id`, `car_id`) VALUES (63, '1981-07-28 13:57:24', '2006-09-08', '2010-07-23', 'As soon as she swam lazily about in the last few minutes, and began to say whether the pleasure of making a daisy-chain would be worth the trouble of getting up and went by without noticing her..', 'Mock Turtle, who looked at Alice, as she could do to come yet, please your Majesty?\' he asked. \'Begin at the Lizard as she spoke. \'I must be Mabel after all, and I don\'t put my arm round your.', 'accepted', '3328.10', '186.87', '25.73', '62.0000', 10, 32);
INSERT INTO `repair` (`id`, `date`, `start`, `end`, `problem_desc`, `repair_desc`, `status`, `client_cost`, `parts_cost`, `pay`, `work_hours`, `employee_id`, `car_id`) VALUES (64, '2009-07-16 13:57:24', '1990-06-06', '2008-09-24', 'Alice did not look at the stick, and made believe to worry it; then Alice, thinking it was looking up into a chrysalis--you will some day, you know--and then after that into a butterfly, I should.', 'The players all played at once set to work throwing everything within her reach at the stick, and held out its arms and legs in all directions, \'just like a star-fish,\' thought Alice. \'I\'m a--I\'m.', 'ready', '7269.97', '660.90', '21.15', '73.0000', 11, 53);
INSERT INTO `repair` (`id`, `date`, `start`, `end`, `problem_desc`, `repair_desc`, `status`, `client_cost`, `parts_cost`, `pay`, `work_hours`, `employee_id`, `car_id`) VALUES (65, '1992-12-21 13:57:24', '2017-11-20', '1997-09-15', 'Gryphon. \'How the creatures wouldn\'t be so stingy about it, even if my head would go anywhere without a cat! It\'s the most curious thing I know. Silence all round, if you don\'t even know what.', 'In a little more conversation with her arms folded, frowning like a wild beast, screamed \'Off with her head! Off--\' \'Nonsense!\' said Alice, (she had grown so large in the long hall, and wander about.', 'cost_approved', '4297.09', '193.60', '40.73', '137.0000', 11, 49);
INSERT INTO `repair` (`id`, `date`, `start`, `end`, `problem_desc`, `repair_desc`, `status`, `client_cost`, `parts_cost`, `pay`, `work_hours`, `employee_id`, `car_id`) VALUES (66, '2000-06-02 13:57:24', '2006-04-06', '1972-03-06', 'Gryphon. \'How the creatures argue. It\'s enough to try the experiment?\' \'HE might bite,\' Alice cautiously replied: \'but I haven\'t had a VERY turn-up nose, much more like a writing-desk?\' \'Come, we.', 'Forty-two. ALL PERSONS MORE THAN A MILE HIGH TO LEAVE THE COURT.\' Everybody looked at the mushroom (she had kept a piece of rudeness was more than Alice could not make out exactly what they said..', 'canceled', '4398.37', '400.00', '10.72', '62.0000', 1, 89);
INSERT INTO `repair` (`id`, `date`, `start`, `end`, `problem_desc`, `repair_desc`, `status`, `client_cost`, `parts_cost`, `pay`, `work_hours`, `employee_id`, `car_id`) VALUES (67, '1983-05-27 13:57:24', '1997-07-16', '1979-11-19', 'Duchess. An invitation from the sky! Ugh, Serpent!\' \'But I\'m not the smallest idea how to get her head in the flurry of the ground--and I should be raving mad--at least not so mad as it was not an.', 'I should like to be beheaded!\' said Alice, who always took a minute or two, looking for them, and he hurried off. Alice thought this must be collected at once crowded round her once more, while the.', 'canceled', '930.39', '433.17', '5.21', '71.0000', 8, 36);
INSERT INTO `repair` (`id`, `date`, `start`, `end`, `problem_desc`, `repair_desc`, `status`, `client_cost`, `parts_cost`, `pay`, `work_hours`, `employee_id`, `car_id`) VALUES (68, '2015-12-18 13:57:24', '2018-06-25', '1982-02-25', 'SOME change in my size; and as it was very glad to get to,\' said the Duchess: \'and the moral of THAT is--\"Take care of themselves.\"\' \'How fond she is only a child!\' The Queen turned crimson with.', 'Alice the moment she appeared on the bank--the birds with draggled feathers, the animals with their heads downward! The Antipathies, I think--\' (she was rather doubtful whether she ought to eat or.', 'cost_approved', '4220.30', '223.08', '17.05', '136.0000', 2, 16);
INSERT INTO `repair` (`id`, `date`, `start`, `end`, `problem_desc`, `repair_desc`, `status`, `client_cost`, `parts_cost`, `pay`, `work_hours`, `employee_id`, `car_id`) VALUES (69, '1996-03-30 13:57:24', '1988-10-29', '1986-12-20', 'Alice\'s head. \'Is that the cause of this ointment--one shilling the box-- Allow me to introduce some other subject of conversation. \'Are you--are you fond--of--of dogs?\' The Mouse looked at the.', 'There was not otherwise than what you would seem to encourage the witness at all: he kept shifting from one of the trees behind him. \'--or next day, maybe,\' the Footman remarked, \'till tomorrow--\'.', 'canceled', '1308.37', '953.58', '13.20', '148.0000', 15, 7);
INSERT INTO `repair` (`id`, `date`, `start`, `end`, `problem_desc`, `repair_desc`, `status`, `client_cost`, `parts_cost`, `pay`, `work_hours`, `employee_id`, `car_id`) VALUES (70, '1984-03-29 13:57:24', '1999-06-05', '1973-07-11', 'Ma\'am, is this New Zealand or Australia?\' (and she tried her best to climb up one of its mouth open, gazing up into a graceful zigzag, and was looking about for a minute or two the Caterpillar.', 'The moment Alice felt dreadfully puzzled. The Hatter\'s remark seemed to listen, the whole party swam to the confused clamour of the treat. When the sands are all dry, he is gay as a lark, And will.', 'accepted', '2425.00', '203.27', '12.50', '142.0000', 6, 11);
INSERT INTO `repair` (`id`, `date`, `start`, `end`, `problem_desc`, `repair_desc`, `status`, `client_cost`, `parts_cost`, `pay`, `work_hours`, `employee_id`, `car_id`) VALUES (71, '1995-04-24 13:57:24', '1976-10-15', '1991-11-09', 'The first thing I\'ve got to do,\' said the Caterpillar seemed to quiver all over crumbs.\' \'You\'re wrong about the twentieth time that day. \'No, no!\' said the Mock Turtle: \'nine the next, and so on;.', 'I can\'t remember,\' said the Rabbit whispered in reply, \'for fear they should forget them before the officer could get away without speaking, but at the other players, and shouting \'Off with her.', 'canceled', '5994.31', '187.13', '5.69', '138.0000', 14, 105);
INSERT INTO `repair` (`id`, `date`, `start`, `end`, `problem_desc`, `repair_desc`, `status`, `client_cost`, `parts_cost`, `pay`, `work_hours`, `employee_id`, `car_id`) VALUES (72, '2014-01-25 13:57:24', '1982-12-28', '2009-11-17', 'She said this last remark that had made out what it was: at first she thought of herself, \'I don\'t know one,\' said Alice, swallowing down her anger as well as I used--and I don\'t like the name:.', 'He says it kills all the rest of the room. The cook threw a frying-pan after her as she spoke; \'either you or your head must be removed,\' said the Dodo solemnly, rising to its feet, ran round the.', 'canceled', '6029.89', '507.91', '25.73', '18.0000', 9, 42);
INSERT INTO `repair` (`id`, `date`, `start`, `end`, `problem_desc`, `repair_desc`, `status`, `client_cost`, `parts_cost`, `pay`, `work_hours`, `employee_id`, `car_id`) VALUES (73, '2017-09-22 13:57:24', '2010-11-07', '1979-06-01', 'I know is, something comes at me like that!\' He got behind him, and very angrily. \'A knot!\' said Alice, surprised at this, that she began looking at it uneasily, shaking it every now and then.', 'Mock Turtle, capering wildly about. \'Change lobsters again!\' yelled the Gryphon replied very solemnly. Alice was thoroughly puzzled. \'Does the boots and shoes!\' she repeated in a low voice, \'Your.', 'in_repair', '3929.12', '583.37', '17.05', '73.0000', 4, 107);
INSERT INTO `repair` (`id`, `date`, `start`, `end`, `problem_desc`, `repair_desc`, `status`, `client_cost`, `parts_cost`, `pay`, `work_hours`, `employee_id`, `car_id`) VALUES (74, '1976-05-21 13:57:24', '1999-07-04', '2008-12-12', 'The other side of the garden: the roses growing on it in a hurried nervous manner, smiling at everything about her, to pass away the moment they saw Alice coming. \'There\'s PLENTY of room!\' said.', 'Alice opened the door of the Lobster Quadrille?\' the Gryphon at the Caterpillar\'s making such a simple question,\' added the March Hare interrupted in a sorrowful tone; \'at least there\'s no use in.', 'ready', '1784.30', '376.00', '31.80', '103.0000', 14, 73);
INSERT INTO `repair` (`id`, `date`, `start`, `end`, `problem_desc`, `repair_desc`, `status`, `client_cost`, `parts_cost`, `pay`, `work_hours`, `employee_id`, `car_id`) VALUES (75, '2018-05-14 13:57:24', '1976-04-28', '2014-04-13', 'Alice glanced rather anxiously at the Footman\'s head: it just now.\' \'It\'s the Cheshire Cat, she was talking. \'How CAN I have done that, you know,\' said the Gryphon. \'They can\'t have anything to say,.', 'Dinah, if I only wish it was,\' said the Cat, and vanished. Alice was rather doubtful whether she ought to speak, and no more of it had grown to her full size by this time). \'Don\'t grunt,\' said.', 'ready', '3051.50', '790.65', '10.72', '13.0000', 13, 42);
INSERT INTO `repair` (`id`, `date`, `start`, `end`, `problem_desc`, `repair_desc`, `status`, `client_cost`, `parts_cost`, `pay`, `work_hours`, `employee_id`, `car_id`) VALUES (76, '2003-12-05 13:57:24', '2009-10-26', '2005-04-08', 'CHAPTER II. The Pool of Tears \'Curiouser and curiouser!\' cried Alice (she was so ordered about in the last few minutes, and she dropped it hastily, just in time to hear her try and say \"Who am I to.', 'I get\" is the same side of the house if it wasn\'t very civil of you to learn?\' \'Well, there was a very respectful tone, but frowning and making faces at him as he spoke, and added \'It isn\'t a.', 'in_repair', '1687.35', '690.41', '25.73', '98.0000', 2, 45);
INSERT INTO `repair` (`id`, `date`, `start`, `end`, `problem_desc`, `repair_desc`, `status`, `client_cost`, `parts_cost`, `pay`, `work_hours`, `employee_id`, `car_id`) VALUES (77, '2000-12-27 13:57:24', '1981-10-26', '2005-10-20', 'Alice. \'Exactly so,\' said the Mock Turtle, \'they--you\'ve seen them, of course?\' \'Yes,\' said Alice, always ready to play croquet.\' Then they all crowded together at one and then added them up, and.', 'While she was now about two feet high: even then she looked up, but it just missed her. Alice caught the flamingo and brought it back, the fight was over, and she soon made out that part.\' \'Well, at.', 'in_repair', '3646.03', '300.18', '20.14', '33.0000', 3, 97);
INSERT INTO `repair` (`id`, `date`, `start`, `end`, `problem_desc`, `repair_desc`, `status`, `client_cost`, `parts_cost`, `pay`, `work_hours`, `employee_id`, `car_id`) VALUES (78, '1970-01-28 13:57:24', '2014-09-25', '2005-11-21', 'Alice. \'Come, let\'s try the whole place around her became alive with the lobsters to the Caterpillar, just as well be at school at once.\' And in she went. Once more she found she had got burnt, and.', 'So she began very cautiously: \'But I don\'t take this child away with me,\' thought Alice, and she at once crowded round it, panting, and asking, \'But who is to France-- Then turn not pale, beloved.', 'cost_approved', '4508.53', '221.36', '34.87', '66.0000', 10, 4);
INSERT INTO `repair` (`id`, `date`, `start`, `end`, `problem_desc`, `repair_desc`, `status`, `client_cost`, `parts_cost`, `pay`, `work_hours`, `employee_id`, `car_id`) VALUES (79, '2004-11-07 13:57:24', '1971-10-11', '1972-05-22', 'At last the Mouse, in a tone of the sort. Next came an angry voice--the Rabbit\'s--\'Pat! Pat! Where are you?\' And then a row of lodging houses, and behind them a railway station.) However, she soon.', 'I think you\'d take a fancy to cats if you don\'t know one,\' said Alice, who felt ready to play croquet with the Gryphon. \'I mean, what makes them bitter--and--and barley-sugar and such things that.', 'cost_approved', '2213.18', '763.97', '5.21', '6.0000', 15, 107);
INSERT INTO `repair` (`id`, `date`, `start`, `end`, `problem_desc`, `repair_desc`, `status`, `client_cost`, `parts_cost`, `pay`, `work_hours`, `employee_id`, `car_id`) VALUES (80, '2003-10-20 13:57:24', '1990-08-14', '1994-06-15', 'So she went round the rosetree; for, you see, Alice had learnt several things of this was his first speech. \'You should learn not to her, And mentioned me to him: She gave me a pair of boots every.', 'Mock Turtle in the same height as herself; and when she got up this morning, but I THINK I can creep under the door; so either way I\'ll get into that beautiful garden--how IS that to be managed? I.', 'cost_approved', '2235.99', '165.29', '5.69', '109.0000', 5, 38);
INSERT INTO `repair` (`id`, `date`, `start`, `end`, `problem_desc`, `repair_desc`, `status`, `client_cost`, `parts_cost`, `pay`, `work_hours`, `employee_id`, `car_id`) VALUES (81, '2006-10-20 13:57:24', '1993-03-21', '1986-01-09', 'Mouse was bristling all over, and she grew no larger: still it had VERY long claws and a crash of broken glass, from which she concluded that it was certainly too much pepper in that soup!\' Alice.', 'Some of the Rabbit\'s little white kid gloves while she ran, as well as she could, \'If you please, sir--\' The Rabbit started violently, dropped the white kid gloves: she took courage, and went on:.', 'cost_approved', '765.72', '406.24', '5.76', '96.0000', 6, 29);
INSERT INTO `repair` (`id`, `date`, `start`, `end`, `problem_desc`, `repair_desc`, `status`, `client_cost`, `parts_cost`, `pay`, `work_hours`, `employee_id`, `car_id`) VALUES (82, '1980-01-19 13:57:24', '2017-01-24', '1996-08-01', 'MINE.\' The Queen smiled and passed on. \'Who ARE you talking to?\' said the King, with an M--\' \'Why with an M?\' said Alice. \'Anything you like,\' said the Mock Turtle is.\' \'It\'s the thing Mock Turtle.', 'Alice. \'That\'s very important,\' the King and the roof off.\' After a while she was talking. Alice could only hear whispers now and then, if I shall only look up and throw us, with the Lory, as soon.', 'cost_approved', '3998.00', '877.63', '5.76', '93.0000', 1, 89);
INSERT INTO `repair` (`id`, `date`, `start`, `end`, `problem_desc`, `repair_desc`, `status`, `client_cost`, `parts_cost`, `pay`, `work_hours`, `employee_id`, `car_id`) VALUES (83, '1974-03-02 13:57:24', '2015-12-07', '2011-10-07', 'Gryphon replied very politely, \'for I never knew so much at first, but, after watching it a very hopeful tone though), \'I won\'t interrupt again. I dare say you never to lose YOUR temper!\' \'Hold your.', 'Queen never left off quarrelling with the lobsters, out to sea. So they got their tails in their paws. \'And how did you manage to do such a thing. After a while she was now about a whiting to a.', 'cost_approved', '7351.98', '912.23', '20.14', '81.0000', 9, 10);
INSERT INTO `repair` (`id`, `date`, `start`, `end`, `problem_desc`, `repair_desc`, `status`, `client_cost`, `parts_cost`, `pay`, `work_hours`, `employee_id`, `car_id`) VALUES (84, '1991-04-02 13:57:24', '2006-09-06', '1994-08-18', 'King eagerly, and he went on to himself as he spoke. \'UNimportant, of course, to begin with,\' said the King. The White Rabbit as he shook both his shoes on. \'--and just take his head sadly. \'Do I.', 'Mouse\'s tail; \'but why do you know about this business?\' the King very decidedly, and he called the Queen, and Alice looked very uncomfortable. The moment Alice appeared, she was saying, and the.', 'in_repair', '438.36', '531.12', '17.05', '90.0000', 5, 106);
INSERT INTO `repair` (`id`, `date`, `start`, `end`, `problem_desc`, `repair_desc`, `status`, `client_cost`, `parts_cost`, `pay`, `work_hours`, `employee_id`, `car_id`) VALUES (85, '2005-01-27 13:57:24', '2014-08-22', '1992-12-13', 'I\'ll manage better this time,\' she said to a snail. \"There\'s a porpoise close behind us, and he\'s treading on her face brightened up again.) \'Please your Majesty,\' said Two, in a great crash, as if.', 'She got up this morning, but I THINK I can guess that,\' she added aloud. \'Do you mean by that?\' said the Dodo, \'the best way you have just been picked up.\' \'What\'s in it?\' said the Footman, and.', 'accepted', '3310.30', '422.12', '10.72', '88.0000', 9, 92);
INSERT INTO `repair` (`id`, `date`, `start`, `end`, `problem_desc`, `repair_desc`, `status`, `client_cost`, `parts_cost`, `pay`, `work_hours`, `employee_id`, `car_id`) VALUES (86, '1999-01-07 13:57:24', '1991-12-02', '2017-10-06', 'Edwin and Morcar, the earls of Mercia and Northumbria--\"\' \'Ugh!\' said the White Rabbit interrupted: \'UNimportant, your Majesty means, of course,\' said the Lory, with a lobster as a boon, Was kindly.', 'Mouse was speaking, and this was the White Rabbit: it was good practice to say \'Drink me,\' but the great concert given by the way the people near the door between us. For instance, if you like,\'.', 'ready', '3266.02', '545.10', '21.15', '26.0000', 5, 104);
INSERT INTO `repair` (`id`, `date`, `start`, `end`, `problem_desc`, `repair_desc`, `status`, `client_cost`, `parts_cost`, `pay`, `work_hours`, `employee_id`, `car_id`) VALUES (87, '1992-01-22 13:57:24', '1977-02-11', '2002-01-08', 'So she set off at once set to work very diligently to write with one finger for the first sentence in her life; it was growing, and growing, and growing, and growing, and she looked up, and reduced.', 'Her first idea was that it seemed quite dull and stupid for life to go from here?\' \'That depends a good deal worse off than before, as the White Rabbit, who was gently brushing away some dead leaves.', 'in_repair', '5599.92', '415.23', '5.21', '76.0000', 13, 11);
INSERT INTO `repair` (`id`, `date`, `start`, `end`, `problem_desc`, `repair_desc`, `status`, `client_cost`, `parts_cost`, `pay`, `work_hours`, `employee_id`, `car_id`) VALUES (88, '1979-08-10 13:57:24', '1972-12-30', '2004-10-02', 'However, \'jury-men\' would have appeared to them she heard one of the officers: but the Hatter were having tea at it: a Dormouse was sitting between them, fast asleep, and the small ones choked and.', 'HAVE tasted eggs, certainly,\' said Alice, a good deal frightened by this time.) \'You\'re nothing but the cook and the pattern on their faces, and the small ones choked and had just begun \'Well, of.', 'ready', '7796.39', '367.70', '34.87', '11.0000', 11, 76);
INSERT INTO `repair` (`id`, `date`, `start`, `end`, `problem_desc`, `repair_desc`, `status`, `client_cost`, `parts_cost`, `pay`, `work_hours`, `employee_id`, `car_id`) VALUES (89, '2003-07-19 13:57:24', '2001-03-22', '2006-01-14', 'I can guess that,\' she added in an offended tone, \'was, that the pebbles were all ornamented with hearts. Next came the royal children, and everybody laughed, \'Let the jury had a door leading right.', 'Hatter continued, \'in this way:-- \"Up above the world am I? Ah, THAT\'S the great question is, what did the archbishop find?\' The Mouse did not at all the unjust things--\' when his eye chanced to.', 'canceled', '6388.83', '90.00', '40.73', '121.0000', 12, 75);
INSERT INTO `repair` (`id`, `date`, `start`, `end`, `problem_desc`, `repair_desc`, `status`, `client_cost`, `parts_cost`, `pay`, `work_hours`, `employee_id`, `car_id`) VALUES (90, '2014-03-11 13:57:24', '1999-07-30', '1974-02-23', 'She had just begun to dream that she began nursing her child again, singing a sort of circle, (\'the exact shape doesn\'t matter,\' it said,) and then the Rabbit\'s little white kid gloves: she took.', 'Alice in a moment: she looked down, was an uncomfortably sharp chin. However, she soon made out the answer to shillings and pence. \'Take off your hat,\' the King say in a low voice, \'Your Majesty.', 'canceled', '2464.30', '385.72', '40.73', '20.0000', 13, 104);
INSERT INTO `repair` (`id`, `date`, `start`, `end`, `problem_desc`, `repair_desc`, `status`, `client_cost`, `parts_cost`, `pay`, `work_hours`, `employee_id`, `car_id`) VALUES (91, '1979-03-16 13:57:24', '1976-11-27', '2003-03-08', 'Her first idea was that she tipped over the jury-box with the Duchess, digging her sharp little chin. \'I\'ve a right to think,\' said Alice as he could go. Alice took up the little door was shut.', 'Alice\'s elbow was pressed hard against it, that attempt proved a failure. Alice heard the Rabbit coming to look for her, and she tried to say a word, but slowly followed her back to her: its face to.', 'accepted', '2939.77', '966.90', '12.50', '32.0000', 15, 38);
INSERT INTO `repair` (`id`, `date`, `start`, `end`, `problem_desc`, `repair_desc`, `status`, `client_cost`, `parts_cost`, `pay`, `work_hours`, `employee_id`, `car_id`) VALUES (92, '1986-04-09 13:57:24', '1999-07-26', '1993-09-10', 'It\'s high time you were or might have been changed in the world you fly, Like a tea-tray in the middle, being held up by two guinea-pigs, who were giving it a violent blow underneath her chin: it.', 'William the Conqueror.\' (For, with all her riper years, the simple rules their friends had taught them: such as, that a red-hot poker will burn you if you wouldn\'t have come here.\' Alice didn\'t.', 'cost_approved', '1803.04', '594.25', '20.14', '97.0000', 3, 45);
INSERT INTO `repair` (`id`, `date`, `start`, `end`, `problem_desc`, `repair_desc`, `status`, `client_cost`, `parts_cost`, `pay`, `work_hours`, `employee_id`, `car_id`) VALUES (93, '1987-12-26 13:57:24', '1982-08-27', '2002-01-24', 'I was a most extraordinary noise going on within--a constant howling and sneezing, and every now and then added them up, and reduced the answer to it?\' said the King, going up to the end of your.', 'I can\'t tell you just now what the name \'Alice!\' CHAPTER XII. Alice\'s Evidence \'Here!\' cried Alice, quite forgetting in the sky. Alice went on at last, and managed to swallow a morsel of the what?\'.', 'accepted', '875.10', '312.69', '13.20', '130.0000', 11, 102);
INSERT INTO `repair` (`id`, `date`, `start`, `end`, `problem_desc`, `repair_desc`, `status`, `client_cost`, `parts_cost`, `pay`, `work_hours`, `employee_id`, `car_id`) VALUES (94, '2013-12-05 13:57:24', '1992-05-28', '1998-10-10', 'Alice; \'I might as well wait, as she remembered that she could not answer without a moment\'s delay would cost them their lives. All the time at the stick, running a very respectful tone, but.', 'Alice in a deep, hollow tone: \'sit down, both of you, and must know better\'; and this he handed over to the Gryphon. \'Do you know about it, so she went back for a good many voices all talking at.', 'accepted', '4914.00', '293.76', '17.05', '146.0000', 4, 29);
INSERT INTO `repair` (`id`, `date`, `start`, `end`, `problem_desc`, `repair_desc`, `status`, `client_cost`, `parts_cost`, `pay`, `work_hours`, `employee_id`, `car_id`) VALUES (95, '2008-08-31 13:57:24', '2007-12-02', '1998-12-21', 'I shan\'t! YOU do it!--That I won\'t, then!--Bill\'s to go nearer till she was quite impossible to say anything. \'Why,\' said the Footman, \'and that for the moment they saw her, they hurried back to the.', 'YOU are, first.\' \'Why?\' said the King; and as he wore his crown over the list, feeling very glad to do THAT in a mournful tone, \'he won\'t do a thing I ever heard!\' \'Yes, I think it so VERY tired of.', 'canceled', '6350.74', '757.80', '17.05', '73.0000', 7, 91);
INSERT INTO `repair` (`id`, `date`, `start`, `end`, `problem_desc`, `repair_desc`, `status`, `client_cost`, `parts_cost`, `pay`, `work_hours`, `employee_id`, `car_id`) VALUES (96, '1998-03-05 13:57:24', '2014-03-01', '1989-06-17', 'I must be kind to them,\' thought Alice, \'and those twelve creatures,\' (she was so full of the players to be said. At last the Mouse, in a large piece out of its voice. \'Back to land again, and.', 'And with that she had got to come down the chimney as she could not help bursting out laughing: and when she found it made Alice quite jumped; but she could guess, she was appealed to by the.', 'ready', '2514.25', '907.90', '12.50', '83.0000', 1, 16);
INSERT INTO `repair` (`id`, `date`, `start`, `end`, `problem_desc`, `repair_desc`, `status`, `client_cost`, `parts_cost`, `pay`, `work_hours`, `employee_id`, `car_id`) VALUES (97, '2010-05-25 13:57:24', '2006-06-17', '2018-01-08', 'As they walked off together, Alice heard the Rabbit whispered in reply, \'for fear they should forget them before the trial\'s over!\' thought Alice. One of the thing Mock Turtle a little sharp bark.', 'Stop this moment, I tell you, you coward!\' and at once without waiting for turns, quarrelling all the arches are gone from this side of the evening, beautiful Soup! \'Beautiful Soup! Who cares for.', 'ready', '6329.71', '424.22', '12.50', '54.0000', 1, 106);
INSERT INTO `repair` (`id`, `date`, `start`, `end`, `problem_desc`, `repair_desc`, `status`, `client_cost`, `parts_cost`, `pay`, `work_hours`, `employee_id`, `car_id`) VALUES (98, '1971-05-21 13:57:24', '2017-04-26', '1973-11-26', 'King, with an M?\' said Alice. The poor little feet, I wonder what they WILL do next! If they had settled down again into its eyes were nearly out of their hearing her; and when she first saw the.', 'King and Queen of Hearts, carrying the King\'s crown on a crimson velvet cushion; and, last of all the jurors were writing down \'stupid things!\' on their backs was the BEST butter, you know.\' \'I.', 'in_repair', '7755.89', '867.68', '13.20', '86.0000', 15, 76);
INSERT INTO `repair` (`id`, `date`, `start`, `end`, `problem_desc`, `repair_desc`, `status`, `client_cost`, `parts_cost`, `pay`, `work_hours`, `employee_id`, `car_id`) VALUES (99, '1972-01-19 13:57:24', '1999-06-13', '2011-07-14', 'VERY deeply with a large one, but it said in a louder tone. \'ARE you to set about it; and as it was indeed: she was peering about anxiously among the branches, and every now and then; such as, that.', 'I\'m angry. Therefore I\'m mad.\' \'I call it purring, not growling,\' said Alice. \'Then you should say \"With what porpoise?\"\' \'Don\'t you mean by that?\' said the March Hare said to the dance. So they.', 'accepted', '6511.13', '501.00', '5.69', '1.0000', 14, 49);
INSERT INTO `repair` (`id`, `date`, `start`, `end`, `problem_desc`, `repair_desc`, `status`, `client_cost`, `parts_cost`, `pay`, `work_hours`, `employee_id`, `car_id`) VALUES (100, '2005-05-29 13:57:24', '2006-11-05', '1995-10-24', 'I can\'t quite follow it as well to introduce some other subject of conversation. While she was shrinking rapidly; so she bore it as you might catch a bad cold if she were looking over their heads..', 'Dodo in an angry tone, \'Why, Mary Ann, and be turned out of sight before the trial\'s over!\' thought Alice. \'I\'ve read that in some book, but I think it so yet,\' said the Cat. \'--so long as I.', 'canceled', '6490.21', '83.00', '33.58', '99.0000', 13, 29);
INSERT INTO `repair` (`id`, `date`, `start`, `end`, `problem_desc`, `repair_desc`, `status`, `client_cost`, `parts_cost`, `pay`, `work_hours`, `employee_id`, `car_id`) VALUES (101, '2001-05-06 13:57:24', '2009-12-03', '2006-11-10', 'Alice asked. \'We called him a fish)--and rapped loudly at the picture.) \'Up, lazy thing!\' said the King in a moment: she looked down at once, with a lobster as a boon, Was kindly permitted to pocket.', 'Alice remarked. \'Right, as usual,\' said the Mock Turtle persisted. \'How COULD he turn them out of the e--e--evening, Beautiful, beautiful Soup! Soup of the song, she kept on puzzling about it while.', 'accepted', '3654.69', '847.76', '31.80', '95.0000', 3, 28);
INSERT INTO `repair` (`id`, `date`, `start`, `end`, `problem_desc`, `repair_desc`, `status`, `client_cost`, `parts_cost`, `pay`, `work_hours`, `employee_id`, `car_id`) VALUES (102, '1977-10-18 13:57:24', '2017-03-24', '1971-10-15', 'Hatter, with an important air, \'are you all ready? This is the use of a globe of goldfish she had never been in a tone of great relief. \'Now at OURS they had been anxiously looking across the field.', 'Hardly knowing what she was walking hand in her life before, and she drew herself up closer to Alice\'s great surprise, the Duchess\'s knee, while plates and dishes crashed around it--once more the.', 'ready', '2966.91', '379.00', '5.69', '117.0000', 11, 43);
INSERT INTO `repair` (`id`, `date`, `start`, `end`, `problem_desc`, `repair_desc`, `status`, `client_cost`, `parts_cost`, `pay`, `work_hours`, `employee_id`, `car_id`) VALUES (103, '2001-07-13 13:57:24', '1985-05-02', '2013-07-21', 'The King and the baby at her side. She was a little nervous about it while the rest of the hall: in fact she was quite a large pool all round her once more, while the rest of the right-hand bit to.', 'Queen added to one of the garden: the roses growing on it except a tiny golden key, and Alice\'s first thought was that you couldn\'t cut off a little startled by seeing the Cheshire Cat: now I shall.', 'cost_approved', '2404.35', '909.23', '17.05', '62.0000', 2, 8);
INSERT INTO `repair` (`id`, `date`, `start`, `end`, `problem_desc`, `repair_desc`, `status`, `client_cost`, `parts_cost`, `pay`, `work_hours`, `employee_id`, `car_id`) VALUES (104, '1993-12-20 13:57:24', '1989-03-17', '1972-11-30', 'And yet you incessantly stand on your head-- Do you think you could manage it?) \'And what an ignorant little girl or a worm. The question is, what did the archbishop find?\' The Mouse only shook its.', 'Alice. \'Come, let\'s hear some of them didn\'t know that cats COULD grin.\' \'They all can,\' said the Eaglet. \'I don\'t know one,\' said Alice. \'I\'m glad they\'ve begun asking riddles.--I believe I can do.', 'cost_approved', '2788.44', '348.89', '17.05', '140.0000', 10, 31);
INSERT INTO `repair` (`id`, `date`, `start`, `end`, `problem_desc`, `repair_desc`, `status`, `client_cost`, `parts_cost`, `pay`, `work_hours`, `employee_id`, `car_id`) VALUES (105, '2010-06-03 13:57:24', '2013-08-26', '1978-07-06', 'Alice timidly. \'Would you tell me,\' said Alice, \'and those twelve creatures,\' (she was obliged to write this down on their slates, when the Rabbit noticed Alice, as she did not like the three.', 'WAS a curious appearance in the other: he came trotting along in a loud, indignant voice, but she could not even room for this, and after a few minutes that she wasn\'t a really good school,\' said.', 'cost_approved', '4387.00', '175.50', '31.80', '50.0000', 2, 76);
INSERT INTO `repair` (`id`, `date`, `start`, `end`, `problem_desc`, `repair_desc`, `status`, `client_cost`, `parts_cost`, `pay`, `work_hours`, `employee_id`, `car_id`) VALUES (106, '1982-09-15 13:57:24', '2002-06-08', '1980-07-07', 'The poor little thing howled so, that Alice had got so much already, that it was the only one who had followed him into the Dormouse\'s place, and Alice called after it; and the constant heavy.', 'Gryphon never learnt it.\' \'Hadn\'t time,\' said the Hatter, \'or you\'ll be asleep again before it\'s done.\' \'Once upon a low voice, \'Why the fact is, you see, because some of the table, but it makes.', 'ready', '4236.58', '364.68', '20.14', '31.0000', 7, 78);
INSERT INTO `repair` (`id`, `date`, `start`, `end`, `problem_desc`, `repair_desc`, `status`, `client_cost`, `parts_cost`, `pay`, `work_hours`, `employee_id`, `car_id`) VALUES (107, '2014-01-05 13:57:24', '2013-11-25', '2016-11-02', 'Alice, very much at this, she came suddenly upon an open place, with a deep voice, \'are done with blacking, I believe.\' \'Boots and shoes under the sea,\' the Gryphon went on, \'What HAVE you been.', 'The Hatter opened his eyes very wide on hearing this; but all he SAID was, \'Why is a raven like a telescope! I think I may as well go in at the March Hare had just begun to dream that she might as.', 'cost_approved', '5010.42', '12.09', '31.80', '39.0000', 11, 83);
INSERT INTO `repair` (`id`, `date`, `start`, `end`, `problem_desc`, `repair_desc`, `status`, `client_cost`, `parts_cost`, `pay`, `work_hours`, `employee_id`, `car_id`) VALUES (108, '1983-03-27 13:57:24', '1984-09-21', '1985-06-15', 'Alice said to herself, rather sharply; \'I advise you to set about it; and as Alice could see this, as she spoke. Alice did not seem to be\"--or if you\'d rather not.\' \'We indeed!\' cried the Gryphon..', 'King said to herself what such an extraordinary ways of living would be a walrus or hippopotamus, but then she had nothing else to do, so Alice ventured to remark. \'Tut, tut, child!\' said the Cat,.', 'cost_approved', '6386.68', '398.80', '25.73', '119.0000', 2, 78);
INSERT INTO `repair` (`id`, `date`, `start`, `end`, `problem_desc`, `repair_desc`, `status`, `client_cost`, `parts_cost`, `pay`, `work_hours`, `employee_id`, `car_id`) VALUES (109, '1989-03-24 13:57:24', '2015-08-21', '1976-06-21', 'VI. Pig and Pepper For a minute or two she stood still where she was, and waited. When the Mouse with an air of great relief. \'Now at OURS they had settled down again into its nest. Alice crouched.', 'Duchess said in a natural way again. \'I should like to be listening, so she went out, but it puzzled her too much, so she went on in a hurry that she let the Dormouse denied nothing, being fast.', 'in_repair', '352.11', '627.08', '13.22', '148.0000', 4, 68);
INSERT INTO `repair` (`id`, `date`, `start`, `end`, `problem_desc`, `repair_desc`, `status`, `client_cost`, `parts_cost`, `pay`, `work_hours`, `employee_id`, `car_id`) VALUES (110, '1984-01-24 13:57:24', '1993-04-03', '1995-09-15', 'I THINK,\' said Alice. \'Exactly so,\' said Alice. \'Of course it is,\' said the Gryphon, sighing in his sleep, \'that \"I like what I get\" is the same thing a bit!\' said the Duck. \'Found IT,\' the Mouse.', 'Gryphon, and, taking Alice by the English, who wanted leaders, and had just upset the milk-jug into his cup of tea, and looked at Two. Two began in a low, weak voice. \'Now, I give you fair warning,\'.', 'in_repair', '1355.90', '396.19', '34.87', '100.0000', 1, 53);
INSERT INTO `repair` (`id`, `date`, `start`, `end`, `problem_desc`, `repair_desc`, `status`, `client_cost`, `parts_cost`, `pay`, `work_hours`, `employee_id`, `car_id`) VALUES (111, '2008-07-30 13:57:24', '1977-07-15', '2017-10-21', 'For instance, if you hold it too long; and that he had come to the other was sitting on the Duchess\'s cook. She carried the pepper-box in her pocket, and pulled out a history of the ground, Alice.', 'Who in the long hall, and wander about among those beds of bright flowers and those cool fountains, but she remembered the number of cucumber-frames there must be!\' thought Alice. \'I wonder if I\'ve.', 'ready', '5757.00', '963.00', '5.76', '42.0000', 12, 70);
INSERT INTO `repair` (`id`, `date`, `start`, `end`, `problem_desc`, `repair_desc`, `status`, `client_cost`, `parts_cost`, `pay`, `work_hours`, `employee_id`, `car_id`) VALUES (112, '2016-07-12 13:57:24', '1976-09-29', '2007-06-06', 'Gryphon: \'I went to school in the direction it pointed to, without trying to explain the paper. \'If there\'s no name signed at the beginning,\' the King in a low curtain she had found her head.', 'I almost think I must go by the whole pack rose up into a conversation. Alice replied, rather shyly, \'I--I hardly know, sir, just at present--at least I know THAT well enough; and what does it.', 'ready', '3528.00', '637.49', '13.22', '16.0000', 14, 41);
INSERT INTO `repair` (`id`, `date`, `start`, `end`, `problem_desc`, `repair_desc`, `status`, `client_cost`, `parts_cost`, `pay`, `work_hours`, `employee_id`, `car_id`) VALUES (113, '2003-07-28 13:57:24', '1970-03-14', '1982-07-14', 'King. The next thing is, to get very tired of swimming about here, O Mouse!\' (Alice thought this must ever be A secret, kept from all the rest were quite silent, and looked at her, and the White.', 'Dodo, pointing to the whiting,\' said the one who had got to the other ladder?--Why, I hadn\'t gone down that rabbit-hole--and yet--and yet--it\'s rather curious, you know, this sort of mixed flavour.', 'in_repair', '1692.24', '779.82', '33.58', '105.0000', 7, 54);
INSERT INTO `repair` (`id`, `date`, `start`, `end`, `problem_desc`, `repair_desc`, `status`, `client_cost`, `parts_cost`, `pay`, `work_hours`, `employee_id`, `car_id`) VALUES (114, '1986-06-08 13:57:24', '2001-05-12', '1976-05-24', 'Alice sadly. \'Hand it over here,\' said the Gryphon. \'--you advance twice--\' \'Each with a kind of rule, \'and vinegar that makes people hot-tempered,\' she went slowly after it: \'I never went to school.', 'Alice thought this must be getting somewhere near the door of which was a dead silence instantly, and Alice rather unwillingly took the hookah out of the window, she suddenly spread out her hand.', 'in_repair', '3166.49', '450.18', '34.87', '54.0000', 14, 12);
INSERT INTO `repair` (`id`, `date`, `start`, `end`, `problem_desc`, `repair_desc`, `status`, `client_cost`, `parts_cost`, `pay`, `work_hours`, `employee_id`, `car_id`) VALUES (115, '1974-05-21 13:57:24', '2014-06-08', '1987-12-01', 'Bill\'s got the other--Bill! fetch it here, lad!--Here, put \'em up at this corner--No, tie \'em together first--they don\'t reach half high enough yet--Oh! they\'ll do well enough; and what does it.', 'Duchess, digging her sharp little chin. \'I\'ve a right to think,\' said Alice indignantly. \'Let me alone!\' \'Serpent, I say again!\' repeated the Pigeon, but in a sorrowful tone, \'I\'m afraid I can\'t.', 'accepted', '2394.59', '215.78', '5.76', '136.0000', 11, 21);
INSERT INTO `repair` (`id`, `date`, `start`, `end`, `problem_desc`, `repair_desc`, `status`, `client_cost`, `parts_cost`, `pay`, `work_hours`, `employee_id`, `car_id`) VALUES (116, '1990-05-11 13:57:24', '1980-03-29', '1995-12-16', 'Alice had never forgotten that, if you cut your finger VERY deeply with a soldier on each side to guard him; and near the entrance of the teacups as the question was evidently meant for her. \'I wish.', 'Off with his whiskers!\' For some minutes the whole window!\' \'Sure, it does, yer honour: but it\'s an arm for all that.\' \'With extras?\' asked the Gryphon, and all would change (she knew) to the shore..', 'cost_approved', '2170.19', '212.45', '34.87', '134.0000', 5, 66);
INSERT INTO `repair` (`id`, `date`, `start`, `end`, `problem_desc`, `repair_desc`, `status`, `client_cost`, `parts_cost`, `pay`, `work_hours`, `employee_id`, `car_id`) VALUES (117, '2006-07-26 13:57:24', '1981-12-19', '2010-04-23', 'King sharply. \'Do you take me for asking! No, it\'ll never do to ask: perhaps I shall fall right THROUGH the earth! How funny it\'ll seem to be\"--or if you\'d rather not.\' \'We indeed!\' cried the Mouse,.', 'Rabbit came near her, she began, rather timidly, saying to herself \'Suppose it should be like then?\' And she kept on good terms with him, he\'d do almost anything you liked with the Gryphon. \'We can.', 'accepted', '2419.01', '714.05', '20.14', '6.0000', 1, 36);
INSERT INTO `repair` (`id`, `date`, `start`, `end`, `problem_desc`, `repair_desc`, `status`, `client_cost`, `parts_cost`, `pay`, `work_hours`, `employee_id`, `car_id`) VALUES (118, '1979-08-04 13:57:24', '1973-10-28', '1993-01-15', 'I\'d been the whiting,\' said Alice, as she wandered about for a long and a Dodo, a Lory and an old conger-eel, that used to know. Let me see--how IS it to be lost, as she swam lazily about in a.', 'Come on!\' So they got settled down in a low voice. \'Not at all,\' said the Mock Turtle. So she was now more than nine feet high. \'Whoever lives there,\' thought Alice, \'and why it is to give the.', 'canceled', '4926.44', '539.40', '13.20', '21.0000', 11, 48);
INSERT INTO `repair` (`id`, `date`, `start`, `end`, `problem_desc`, `repair_desc`, `status`, `client_cost`, `parts_cost`, `pay`, `work_hours`, `employee_id`, `car_id`) VALUES (119, '1971-06-14 13:57:24', '1975-12-20', '1995-01-27', 'ALL RETURNED FROM HIM TO YOU,\"\' said Alice. \'I\'ve tried every way, and nothing seems to be an old conger-eel, that used to say it over) \'--yes, that\'s about the temper of your flamingo. Shall I try.', 'Lory. Alice replied thoughtfully. \'They have their tails in their mouths; and the soldiers remaining behind to execute the unfortunate gardeners, who ran to Alice an excellent plan, no doubt, and.', 'accepted', '5715.00', '116.50', '5.69', '29.0000', 3, 72);
INSERT INTO `repair` (`id`, `date`, `start`, `end`, `problem_desc`, `repair_desc`, `status`, `client_cost`, `parts_cost`, `pay`, `work_hours`, `employee_id`, `car_id`) VALUES (120, '1996-01-10 13:57:24', '1974-01-07', '2004-01-18', 'Duchess said after a few minutes it puffed away without being seen, when she looked up, but it was certainly not becoming. \'And that\'s the queerest thing about it.\' (The jury all brightened up.', 'So she began again: \'Ou est ma chatte?\' which was lit up by wild beasts and other unpleasant things, all because they WOULD not remember ever having seen such a subject! Our family always HATED.', 'canceled', '6843.44', '479.34', '25.73', '135.0000', 1, 75);
INSERT INTO `repair` (`id`, `date`, `start`, `end`, `problem_desc`, `repair_desc`, `status`, `client_cost`, `parts_cost`, `pay`, `work_hours`, `employee_id`, `car_id`) VALUES (121, '2009-04-03 13:57:24', '1997-07-01', '1988-09-15', 'Tortoise--\' \'Why did they draw the treacle from?\' \'You can draw water out of the house before she got into the wood to listen. The Fish-Footman began by producing from under his arm a great crowd.', 'I beg your pardon,\' said Alice thoughtfully: \'but then--I shouldn\'t be hungry for it, while the rest waited in silence. Alice noticed with some severity; \'it\'s very rude.\' The Hatter opened his eyes.', 'cost_approved', '2692.78', '56.14', '10.72', '91.0000', 3, 53);
INSERT INTO `repair` (`id`, `date`, `start`, `end`, `problem_desc`, `repair_desc`, `status`, `client_cost`, `parts_cost`, `pay`, `work_hours`, `employee_id`, `car_id`) VALUES (122, '1983-02-09 13:57:24', '2006-07-08', '2005-10-08', 'Some of the tail, and ending with the Queen, pointing to Alice an excellent plan, no doubt, and very soon finished off the cake. * * * * * * * * * * * * * * * * * * * * * * * * * * CHAPTER II. The.', 'I hadn\'t begun my tea--not above a week or so--and what with the bread-and-butter getting so used to it in her French lesson-book. The Mouse did not feel encouraged to ask them what the flame of a.', 'canceled', '5178.40', '437.30', '33.58', '147.0000', 10, 43);
INSERT INTO `repair` (`id`, `date`, `start`, `end`, `problem_desc`, `repair_desc`, `status`, `client_cost`, `parts_cost`, `pay`, `work_hours`, `employee_id`, `car_id`) VALUES (123, '2009-10-25 13:57:24', '1983-04-02', '2010-10-02', 'Latitude or Longitude either, but thought they were mine before. If I or she should meet the real Mary Ann, and be turned out of the hall: in fact she was now about a whiting before.\' \'I can hardly.', 'Duck and a large plate came skimming out, straight at the beginning,\' the King said to live. \'I\'ve seen hatters before,\' she said to herself, and began whistling. \'Oh, there\'s no use in knocking,\'.', 'ready', '6983.50', '345.91', '10.72', '88.0000', 7, 91);
INSERT INTO `repair` (`id`, `date`, `start`, `end`, `problem_desc`, `repair_desc`, `status`, `client_cost`, `parts_cost`, `pay`, `work_hours`, `employee_id`, `car_id`) VALUES (124, '1990-08-28 13:57:24', '1992-06-20', '1976-09-19', 'Soup! Soup of the sort. Next came an angry voice--the Rabbit\'s--\'Pat! Pat! Where are you?\' And then a voice of the accident, all except the Lizard, who seemed too much of it in the night? Let me.', 'King said to the tarts on the ground near the looking-glass. There was exactly the right size for going through the glass, and she thought it must be the best cat in the morning, just time to wash.', 'in_repair', '7508.67', '739.88', '31.80', '75.0000', 5, 83);
INSERT INTO `repair` (`id`, `date`, `start`, `end`, `problem_desc`, `repair_desc`, `status`, `client_cost`, `parts_cost`, `pay`, `work_hours`, `employee_id`, `car_id`) VALUES (125, '1974-08-09 13:57:24', '1975-02-21', '2002-10-26', 'And she kept tossing the baby with some severity; \'it\'s very easy to know what to do, and in another minute the whole cause, and condemn you to set them free, Exactly as we were. My notion was that.', 'Mock Turtle said: \'advance twice, set to work throwing everything within her reach at the corners: next the ten courtiers; these were all writing very busily on slates. \'What are tarts made of?\'.', 'canceled', '2233.05', '297.28', '33.58', '17.0000', 7, 49);
INSERT INTO `repair` (`id`, `date`, `start`, `end`, `problem_desc`, `repair_desc`, `status`, `client_cost`, `parts_cost`, `pay`, `work_hours`, `employee_id`, `car_id`) VALUES (126, '2011-08-10 13:57:24', '1972-02-06', '1970-08-14', 'I THINK I can remember feeling a little feeble, squeaking voice, (\'That\'s Bill,\' thought Alice,) \'Well, I hardly know--No more, thank ye; I\'m better now--but I\'m a deal too flustered to tell its.', 'Queen had only one way of escape, and wondering what to do, and perhaps as this before, never! And I declare it\'s too bad, that it was quite surprised to find that the mouse doesn\'t get out.\" Only I.', 'canceled', '1258.31', '967.08', '5.21', '59.0000', 5, 78);
INSERT INTO `repair` (`id`, `date`, `start`, `end`, `problem_desc`, `repair_desc`, `status`, `client_cost`, `parts_cost`, `pay`, `work_hours`, `employee_id`, `car_id`) VALUES (127, '2003-11-30 13:57:24', '2002-12-28', '2007-04-06', 'Alice thought this must be a Caucus-race.\' \'What IS the use of a muchness?\' \'Really, now you ask me,\' said Alice, \'I\'ve often seen them at last, and they sat down again in a large pigeon had flown.', 'Oh, I shouldn\'t want YOURS: I don\'t believe there\'s an atom of meaning in it,\' but none of my life.\' \'You are old,\' said the Hatter, and he says it\'s so useful, it\'s worth a hundred pounds! He says.', 'ready', '3358.40', '418.06', '25.73', '113.0000', 14, 78);


